./image/cat_dog\cats\cat.1.jpg,0
./image/cat_dog\cats\cat.10.jpg,0
./image/cat_dog\cats\cat.100.jpg,0
./image/cat_dog\cats\cat.1000.jpg,0
./image/cat_dog\cats\cat.101.jpg,0
./image/cat_dog\cats\cat.102.jpg,0
./image/cat_dog\cats\cat.103.jpg,0
./image/cat_dog\cats\cat.104.jpg,0
./image/cat_dog\cats\cat.105.jpg,0
./image/cat_dog\cats\cat.106.jpg,0
./image/cat_dog\cats\cat.107.jpg,0
./image/cat_dog\cats\cat.108.jpg,0
./image/cat_dog\cats\cat.109.jpg,0
./image/cat_dog\cats\cat.11.jpg,0
./image/cat_dog\cats\cat.110.jpg,0
./image/cat_dog\cats\cat.111.jpg,0
./image/cat_dog\cats\cat.112.jpg,0
./image/cat_dog\cats\cat.113.jpg,0
./image/cat_dog\cats\cat.114.jpg,0
./image/cat_dog\cats\cat.115.jpg,0
./image/cat_dog\cats\cat.116.jpg,0
./image/cat_dog\cats\cat.117.jpg,0
./image/cat_dog\cats\cat.118.jpg,0
./image/cat_dog\cats\cat.119.jpg,0
./image/cat_dog\cats\cat.12.jpg,0
./image/cat_dog\cats\cat.120.jpg,0
./image/cat_dog\cats\cat.121.jpg,0
./image/cat_dog\cats\cat.122.jpg,0
./image/cat_dog\cats\cat.123.jpg,0
./image/cat_dog\cats\cat.124.jpg,0
./image/cat_dog\cats\cat.125.jpg,0
./image/cat_dog\cats\cat.126.jpg,0
./image/cat_dog\cats\cat.127.jpg,0
./image/cat_dog\cats\cat.128.jpg,0
./image/cat_dog\cats\cat.129.jpg,0
./image/cat_dog\cats\cat.13.jpg,0
./image/cat_dog\cats\cat.130.jpg,0
./image/cat_dog\cats\cat.131.jpg,0
./image/cat_dog\cats\cat.132.jpg,0
./image/cat_dog\cats\cat.133.jpg,0
./image/cat_dog\cats\cat.134.jpg,0
./image/cat_dog\cats\cat.135.jpg,0
./image/cat_dog\cats\cat.136.jpg,0
./image/cat_dog\cats\cat.137.jpg,0
./image/cat_dog\cats\cat.138.jpg,0
./image/cat_dog\cats\cat.139.jpg,0
./image/cat_dog\cats\cat.14.jpg,0
./image/cat_dog\cats\cat.140.jpg,0
./image/cat_dog\cats\cat.141.jpg,0
./image/cat_dog\cats\cat.142.jpg,0
./image/cat_dog\cats\cat.143.jpg,0
./image/cat_dog\cats\cat.144.jpg,0
./image/cat_dog\cats\cat.145.jpg,0
./image/cat_dog\cats\cat.146.jpg,0
./image/cat_dog\cats\cat.147.jpg,0
./image/cat_dog\cats\cat.148.jpg,0
./image/cat_dog\cats\cat.149.jpg,0
./image/cat_dog\cats\cat.15.jpg,0
./image/cat_dog\cats\cat.150.jpg,0
./image/cat_dog\cats\cat.151.jpg,0
./image/cat_dog\cats\cat.152.jpg,0
./image/cat_dog\cats\cat.153.jpg,0
./image/cat_dog\cats\cat.154.jpg,0
./image/cat_dog\cats\cat.155.jpg,0
./image/cat_dog\cats\cat.156.jpg,0
./image/cat_dog\cats\cat.157.jpg,0
./image/cat_dog\cats\cat.158.jpg,0
./image/cat_dog\cats\cat.159.jpg,0
./image/cat_dog\cats\cat.16.jpg,0
./image/cat_dog\cats\cat.160.jpg,0
./image/cat_dog\cats\cat.161.jpg,0
./image/cat_dog\cats\cat.162.jpg,0
./image/cat_dog\cats\cat.163.jpg,0
./image/cat_dog\cats\cat.164.jpg,0
./image/cat_dog\cats\cat.165.jpg,0
./image/cat_dog\cats\cat.166.jpg,0
./image/cat_dog\cats\cat.167.jpg,0
./image/cat_dog\cats\cat.168.jpg,0
./image/cat_dog\cats\cat.169.jpg,0
./image/cat_dog\cats\cat.17.jpg,0
./image/cat_dog\cats\cat.170.jpg,0
./image/cat_dog\cats\cat.171.jpg,0
./image/cat_dog\cats\cat.172.jpg,0
./image/cat_dog\cats\cat.173.jpg,0
./image/cat_dog\cats\cat.174.jpg,0
./image/cat_dog\cats\cat.175.jpg,0
./image/cat_dog\cats\cat.176.jpg,0
./image/cat_dog\cats\cat.177.jpg,0
./image/cat_dog\cats\cat.178.jpg,0
./image/cat_dog\cats\cat.179.jpg,0
./image/cat_dog\cats\cat.18.jpg,0
./image/cat_dog\cats\cat.180.jpg,0
./image/cat_dog\cats\cat.181.jpg,0
./image/cat_dog\cats\cat.182.jpg,0
./image/cat_dog\cats\cat.183.jpg,0
./image/cat_dog\cats\cat.184.jpg,0
./image/cat_dog\cats\cat.185.jpg,0
./image/cat_dog\cats\cat.186.jpg,0
./image/cat_dog\cats\cat.187.jpg,0
./image/cat_dog\cats\cat.188.jpg,0
./image/cat_dog\cats\cat.189.jpg,0
./image/cat_dog\cats\cat.19.jpg,0
./image/cat_dog\cats\cat.190.jpg,0
./image/cat_dog\cats\cat.191.jpg,0
./image/cat_dog\cats\cat.192.jpg,0
./image/cat_dog\cats\cat.193.jpg,0
./image/cat_dog\cats\cat.194.jpg,0
./image/cat_dog\cats\cat.195.jpg,0
./image/cat_dog\cats\cat.196.jpg,0
./image/cat_dog\cats\cat.197.jpg,0
./image/cat_dog\cats\cat.198.jpg,0
./image/cat_dog\cats\cat.199.jpg,0
./image/cat_dog\cats\cat.2.jpg,0
./image/cat_dog\cats\cat.20.jpg,0
./image/cat_dog\cats\cat.200.jpg,0
./image/cat_dog\cats\cat.201.jpg,0
./image/cat_dog\cats\cat.202.jpg,0
./image/cat_dog\cats\cat.203.jpg,0
./image/cat_dog\cats\cat.204.jpg,0
./image/cat_dog\cats\cat.205.jpg,0
./image/cat_dog\cats\cat.206.jpg,0
./image/cat_dog\cats\cat.207.jpg,0
./image/cat_dog\cats\cat.208.jpg,0
./image/cat_dog\cats\cat.209.jpg,0
./image/cat_dog\cats\cat.21.jpg,0
./image/cat_dog\cats\cat.210.jpg,0
./image/cat_dog\cats\cat.211.jpg,0
./image/cat_dog\cats\cat.212.jpg,0
./image/cat_dog\cats\cat.213.jpg,0
./image/cat_dog\cats\cat.214.jpg,0
./image/cat_dog\cats\cat.215.jpg,0
./image/cat_dog\cats\cat.216.jpg,0
./image/cat_dog\cats\cat.217.jpg,0
./image/cat_dog\cats\cat.218.jpg,0
./image/cat_dog\cats\cat.219.jpg,0
./image/cat_dog\cats\cat.22.jpg,0
./image/cat_dog\cats\cat.220.jpg,0
./image/cat_dog\cats\cat.221.jpg,0
./image/cat_dog\cats\cat.222.jpg,0
./image/cat_dog\cats\cat.223.jpg,0
./image/cat_dog\cats\cat.224.jpg,0
./image/cat_dog\cats\cat.225.jpg,0
./image/cat_dog\cats\cat.226.jpg,0
./image/cat_dog\cats\cat.227.jpg,0
./image/cat_dog\cats\cat.228.jpg,0
./image/cat_dog\cats\cat.229.jpg,0
./image/cat_dog\cats\cat.23.jpg,0
./image/cat_dog\cats\cat.230.jpg,0
./image/cat_dog\cats\cat.231.jpg,0
./image/cat_dog\cats\cat.232.jpg,0
./image/cat_dog\cats\cat.233.jpg,0
./image/cat_dog\cats\cat.234.jpg,0
./image/cat_dog\cats\cat.235.jpg,0
./image/cat_dog\cats\cat.236.jpg,0
./image/cat_dog\cats\cat.237.jpg,0
./image/cat_dog\cats\cat.238.jpg,0
./image/cat_dog\cats\cat.239.jpg,0
./image/cat_dog\cats\cat.24.jpg,0
./image/cat_dog\cats\cat.240.jpg,0
./image/cat_dog\cats\cat.241.jpg,0
./image/cat_dog\cats\cat.242.jpg,0
./image/cat_dog\cats\cat.243.jpg,0
./image/cat_dog\cats\cat.244.jpg,0
./image/cat_dog\cats\cat.245.jpg,0
./image/cat_dog\cats\cat.246.jpg,0
./image/cat_dog\cats\cat.247.jpg,0
./image/cat_dog\cats\cat.248.jpg,0
./image/cat_dog\cats\cat.249.jpg,0
./image/cat_dog\cats\cat.25.jpg,0
./image/cat_dog\cats\cat.250.jpg,0
./image/cat_dog\cats\cat.251.jpg,0
./image/cat_dog\cats\cat.252.jpg,0
./image/cat_dog\cats\cat.253.jpg,0
./image/cat_dog\cats\cat.254.jpg,0
./image/cat_dog\cats\cat.255.jpg,0
./image/cat_dog\cats\cat.256.jpg,0
./image/cat_dog\cats\cat.257.jpg,0
./image/cat_dog\cats\cat.258.jpg,0
./image/cat_dog\cats\cat.259.jpg,0
./image/cat_dog\cats\cat.26.jpg,0
./image/cat_dog\cats\cat.260.jpg,0
./image/cat_dog\cats\cat.261.jpg,0
./image/cat_dog\cats\cat.262.jpg,0
./image/cat_dog\cats\cat.263.jpg,0
./image/cat_dog\cats\cat.264.jpg,0
./image/cat_dog\cats\cat.265.jpg,0
./image/cat_dog\cats\cat.266.jpg,0
./image/cat_dog\cats\cat.267.jpg,0
./image/cat_dog\cats\cat.268.jpg,0
./image/cat_dog\cats\cat.269.jpg,0
./image/cat_dog\cats\cat.27.jpg,0
./image/cat_dog\cats\cat.270.jpg,0
./image/cat_dog\cats\cat.271.jpg,0
./image/cat_dog\cats\cat.272.jpg,0
./image/cat_dog\cats\cat.273.jpg,0
./image/cat_dog\cats\cat.274.jpg,0
./image/cat_dog\cats\cat.275.jpg,0
./image/cat_dog\cats\cat.276.jpg,0
./image/cat_dog\cats\cat.277.jpg,0
./image/cat_dog\cats\cat.278.jpg,0
./image/cat_dog\cats\cat.279.jpg,0
./image/cat_dog\cats\cat.28.jpg,0
./image/cat_dog\cats\cat.280.jpg,0
./image/cat_dog\cats\cat.281.jpg,0
./image/cat_dog\cats\cat.282.jpg,0
./image/cat_dog\cats\cat.283.jpg,0
./image/cat_dog\cats\cat.284.jpg,0
./image/cat_dog\cats\cat.285.jpg,0
./image/cat_dog\cats\cat.286.jpg,0
./image/cat_dog\cats\cat.287.jpg,0
./image/cat_dog\cats\cat.288.jpg,0
./image/cat_dog\cats\cat.289.jpg,0
./image/cat_dog\cats\cat.29.jpg,0
./image/cat_dog\cats\cat.290.jpg,0
./image/cat_dog\cats\cat.291.jpg,0
./image/cat_dog\cats\cat.292.jpg,0
./image/cat_dog\cats\cat.293.jpg,0
./image/cat_dog\cats\cat.294.jpg,0
./image/cat_dog\cats\cat.295.jpg,0
./image/cat_dog\cats\cat.296.jpg,0
./image/cat_dog\cats\cat.297.jpg,0
./image/cat_dog\cats\cat.298.jpg,0
./image/cat_dog\cats\cat.299.jpg,0
./image/cat_dog\cats\cat.3.jpg,0
./image/cat_dog\cats\cat.30.jpg,0
./image/cat_dog\cats\cat.300.jpg,0
./image/cat_dog\cats\cat.301.jpg,0
./image/cat_dog\cats\cat.302.jpg,0
./image/cat_dog\cats\cat.303.jpg,0
./image/cat_dog\cats\cat.304.jpg,0
./image/cat_dog\cats\cat.305.jpg,0
./image/cat_dog\cats\cat.306.jpg,0
./image/cat_dog\cats\cat.307.jpg,0
./image/cat_dog\cats\cat.308.jpg,0
./image/cat_dog\cats\cat.309.jpg,0
./image/cat_dog\cats\cat.31.jpg,0
./image/cat_dog\cats\cat.310.jpg,0
./image/cat_dog\cats\cat.311.jpg,0
./image/cat_dog\cats\cat.312.jpg,0
./image/cat_dog\cats\cat.313.jpg,0
./image/cat_dog\cats\cat.314.jpg,0
./image/cat_dog\cats\cat.315.jpg,0
./image/cat_dog\cats\cat.316.jpg,0
./image/cat_dog\cats\cat.317.jpg,0
./image/cat_dog\cats\cat.318.jpg,0
./image/cat_dog\cats\cat.319.jpg,0
./image/cat_dog\cats\cat.32.jpg,0
./image/cat_dog\cats\cat.320.jpg,0
./image/cat_dog\cats\cat.321.jpg,0
./image/cat_dog\cats\cat.322.jpg,0
./image/cat_dog\cats\cat.323.jpg,0
./image/cat_dog\cats\cat.324.jpg,0
./image/cat_dog\cats\cat.325.jpg,0
./image/cat_dog\cats\cat.326.jpg,0
./image/cat_dog\cats\cat.327.jpg,0
./image/cat_dog\cats\cat.328.jpg,0
./image/cat_dog\cats\cat.329.jpg,0
./image/cat_dog\cats\cat.33.jpg,0
./image/cat_dog\cats\cat.330.jpg,0
./image/cat_dog\cats\cat.331.jpg,0
./image/cat_dog\cats\cat.332.jpg,0
./image/cat_dog\cats\cat.333.jpg,0
./image/cat_dog\cats\cat.334.jpg,0
./image/cat_dog\cats\cat.335.jpg,0
./image/cat_dog\cats\cat.336.jpg,0
./image/cat_dog\cats\cat.337.jpg,0
./image/cat_dog\cats\cat.338.jpg,0
./image/cat_dog\cats\cat.339.jpg,0
./image/cat_dog\cats\cat.34.jpg,0
./image/cat_dog\cats\cat.340.jpg,0
./image/cat_dog\cats\cat.341.jpg,0
./image/cat_dog\cats\cat.342.jpg,0
./image/cat_dog\cats\cat.343.jpg,0
./image/cat_dog\cats\cat.344.jpg,0
./image/cat_dog\cats\cat.345.jpg,0
./image/cat_dog\cats\cat.346.jpg,0
./image/cat_dog\cats\cat.347.jpg,0
./image/cat_dog\cats\cat.348.jpg,0
./image/cat_dog\cats\cat.349.jpg,0
./image/cat_dog\cats\cat.35.jpg,0
./image/cat_dog\cats\cat.350.jpg,0
./image/cat_dog\cats\cat.351.jpg,0
./image/cat_dog\cats\cat.352.jpg,0
./image/cat_dog\cats\cat.353.jpg,0
./image/cat_dog\cats\cat.354.jpg,0
./image/cat_dog\cats\cat.355.jpg,0
./image/cat_dog\cats\cat.356.jpg,0
./image/cat_dog\cats\cat.357.jpg,0
./image/cat_dog\cats\cat.358.jpg,0
./image/cat_dog\cats\cat.359.jpg,0
./image/cat_dog\cats\cat.36.jpg,0
./image/cat_dog\cats\cat.360.jpg,0
./image/cat_dog\cats\cat.361.jpg,0
./image/cat_dog\cats\cat.362.jpg,0
./image/cat_dog\cats\cat.363.jpg,0
./image/cat_dog\cats\cat.364.jpg,0
./image/cat_dog\cats\cat.365.jpg,0
./image/cat_dog\cats\cat.366.jpg,0
./image/cat_dog\cats\cat.367.jpg,0
./image/cat_dog\cats\cat.368.jpg,0
./image/cat_dog\cats\cat.369.jpg,0
./image/cat_dog\cats\cat.37.jpg,0
./image/cat_dog\cats\cat.370.jpg,0
./image/cat_dog\cats\cat.371.jpg,0
./image/cat_dog\cats\cat.372.jpg,0
./image/cat_dog\cats\cat.373.jpg,0
./image/cat_dog\cats\cat.374.jpg,0
./image/cat_dog\cats\cat.375.jpg,0
./image/cat_dog\cats\cat.376.jpg,0
./image/cat_dog\cats\cat.377.jpg,0
./image/cat_dog\cats\cat.378.jpg,0
./image/cat_dog\cats\cat.379.jpg,0
./image/cat_dog\cats\cat.38.jpg,0
./image/cat_dog\cats\cat.380.jpg,0
./image/cat_dog\cats\cat.381.jpg,0
./image/cat_dog\cats\cat.382.jpg,0
./image/cat_dog\cats\cat.383.jpg,0
./image/cat_dog\cats\cat.384.jpg,0
./image/cat_dog\cats\cat.385.jpg,0
./image/cat_dog\cats\cat.386.jpg,0
./image/cat_dog\cats\cat.387.jpg,0
./image/cat_dog\cats\cat.388.jpg,0
./image/cat_dog\cats\cat.389.jpg,0
./image/cat_dog\cats\cat.39.jpg,0
./image/cat_dog\cats\cat.390.jpg,0
./image/cat_dog\cats\cat.391.jpg,0
./image/cat_dog\cats\cat.392.jpg,0
./image/cat_dog\cats\cat.393.jpg,0
./image/cat_dog\cats\cat.394.jpg,0
./image/cat_dog\cats\cat.395.jpg,0
./image/cat_dog\cats\cat.396.jpg,0
./image/cat_dog\cats\cat.397.jpg,0
./image/cat_dog\cats\cat.398.jpg,0
./image/cat_dog\cats\cat.399.jpg,0
./image/cat_dog\cats\cat.4.jpg,0
./image/cat_dog\cats\cat.40.jpg,0
./image/cat_dog\cats\cat.400.jpg,0
./image/cat_dog\cats\cat.401.jpg,0
./image/cat_dog\cats\cat.402.jpg,0
./image/cat_dog\cats\cat.403.jpg,0
./image/cat_dog\cats\cat.404.jpg,0
./image/cat_dog\cats\cat.405.jpg,0
./image/cat_dog\cats\cat.406.jpg,0
./image/cat_dog\cats\cat.407.jpg,0
./image/cat_dog\cats\cat.408.jpg,0
./image/cat_dog\cats\cat.409.jpg,0
./image/cat_dog\cats\cat.41.jpg,0
./image/cat_dog\cats\cat.410.jpg,0
./image/cat_dog\cats\cat.411.jpg,0
./image/cat_dog\cats\cat.412.jpg,0
./image/cat_dog\cats\cat.413.jpg,0
./image/cat_dog\cats\cat.414.jpg,0
./image/cat_dog\cats\cat.415.jpg,0
./image/cat_dog\cats\cat.416.jpg,0
./image/cat_dog\cats\cat.417.jpg,0
./image/cat_dog\cats\cat.418.jpg,0
./image/cat_dog\cats\cat.419.jpg,0
./image/cat_dog\cats\cat.42.jpg,0
./image/cat_dog\cats\cat.420.jpg,0
./image/cat_dog\cats\cat.421.jpg,0
./image/cat_dog\cats\cat.422.jpg,0
./image/cat_dog\cats\cat.423.jpg,0
./image/cat_dog\cats\cat.424.jpg,0
./image/cat_dog\cats\cat.425.jpg,0
./image/cat_dog\cats\cat.426.jpg,0
./image/cat_dog\cats\cat.427.jpg,0
./image/cat_dog\cats\cat.428.jpg,0
./image/cat_dog\cats\cat.429.jpg,0
./image/cat_dog\cats\cat.43.jpg,0
./image/cat_dog\cats\cat.430.jpg,0
./image/cat_dog\cats\cat.431.jpg,0
./image/cat_dog\cats\cat.432.jpg,0
./image/cat_dog\cats\cat.433.jpg,0
./image/cat_dog\cats\cat.434.jpg,0
./image/cat_dog\cats\cat.435.jpg,0
./image/cat_dog\cats\cat.436.jpg,0
./image/cat_dog\cats\cat.437.jpg,0
./image/cat_dog\cats\cat.438.jpg,0
./image/cat_dog\cats\cat.439.jpg,0
./image/cat_dog\cats\cat.44.jpg,0
./image/cat_dog\cats\cat.440.jpg,0
./image/cat_dog\cats\cat.441.jpg,0
./image/cat_dog\cats\cat.442.jpg,0
./image/cat_dog\cats\cat.443.jpg,0
./image/cat_dog\cats\cat.444.jpg,0
./image/cat_dog\cats\cat.445.jpg,0
./image/cat_dog\cats\cat.446.jpg,0
./image/cat_dog\cats\cat.447.jpg,0
./image/cat_dog\cats\cat.448.jpg,0
./image/cat_dog\cats\cat.449.jpg,0
./image/cat_dog\cats\cat.45.jpg,0
./image/cat_dog\cats\cat.450.jpg,0
./image/cat_dog\cats\cat.451.jpg,0
./image/cat_dog\cats\cat.452.jpg,0
./image/cat_dog\cats\cat.453.jpg,0
./image/cat_dog\cats\cat.454.jpg,0
./image/cat_dog\cats\cat.455.jpg,0
./image/cat_dog\cats\cat.456.jpg,0
./image/cat_dog\cats\cat.457.jpg,0
./image/cat_dog\cats\cat.458.jpg,0
./image/cat_dog\cats\cat.459.jpg,0
./image/cat_dog\cats\cat.46.jpg,0
./image/cat_dog\cats\cat.460.jpg,0
./image/cat_dog\cats\cat.461.jpg,0
./image/cat_dog\cats\cat.462.jpg,0
./image/cat_dog\cats\cat.463.jpg,0
./image/cat_dog\cats\cat.464.jpg,0
./image/cat_dog\cats\cat.465.jpg,0
./image/cat_dog\cats\cat.466.jpg,0
./image/cat_dog\cats\cat.467.jpg,0
./image/cat_dog\cats\cat.468.jpg,0
./image/cat_dog\cats\cat.469.jpg,0
./image/cat_dog\cats\cat.47.jpg,0
./image/cat_dog\cats\cat.470.jpg,0
./image/cat_dog\cats\cat.471.jpg,0
./image/cat_dog\cats\cat.472.jpg,0
./image/cat_dog\cats\cat.473.jpg,0
./image/cat_dog\cats\cat.474.jpg,0
./image/cat_dog\cats\cat.475.jpg,0
./image/cat_dog\cats\cat.476.jpg,0
./image/cat_dog\cats\cat.477.jpg,0
./image/cat_dog\cats\cat.478.jpg,0
./image/cat_dog\cats\cat.479.jpg,0
./image/cat_dog\cats\cat.48.jpg,0
./image/cat_dog\cats\cat.480.jpg,0
./image/cat_dog\cats\cat.481.jpg,0
./image/cat_dog\cats\cat.482.jpg,0
./image/cat_dog\cats\cat.483.jpg,0
./image/cat_dog\cats\cat.484.jpg,0
./image/cat_dog\cats\cat.485.jpg,0
./image/cat_dog\cats\cat.486.jpg,0
./image/cat_dog\cats\cat.487.jpg,0
./image/cat_dog\cats\cat.488.jpg,0
./image/cat_dog\cats\cat.489.jpg,0
./image/cat_dog\cats\cat.49.jpg,0
./image/cat_dog\cats\cat.490.jpg,0
./image/cat_dog\cats\cat.491.jpg,0
./image/cat_dog\cats\cat.492.jpg,0
./image/cat_dog\cats\cat.493.jpg,0
./image/cat_dog\cats\cat.494.jpg,0
./image/cat_dog\cats\cat.495.jpg,0
./image/cat_dog\cats\cat.496.jpg,0
./image/cat_dog\cats\cat.497.jpg,0
./image/cat_dog\cats\cat.498.jpg,0
./image/cat_dog\cats\cat.499.jpg,0
./image/cat_dog\cats\cat.5.jpg,0
./image/cat_dog\cats\cat.50.jpg,0
./image/cat_dog\cats\cat.500.jpg,0
./image/cat_dog\cats\cat.501.jpg,0
./image/cat_dog\cats\cat.502.jpg,0
./image/cat_dog\cats\cat.503.jpg,0
./image/cat_dog\cats\cat.504.jpg,0
./image/cat_dog\cats\cat.505.jpg,0
./image/cat_dog\cats\cat.506.jpg,0
./image/cat_dog\cats\cat.507.jpg,0
./image/cat_dog\cats\cat.508.jpg,0
./image/cat_dog\cats\cat.509.jpg,0
./image/cat_dog\cats\cat.51.jpg,0
./image/cat_dog\cats\cat.510.jpg,0
./image/cat_dog\cats\cat.511.jpg,0
./image/cat_dog\cats\cat.512.jpg,0
./image/cat_dog\cats\cat.513.jpg,0
./image/cat_dog\cats\cat.514.jpg,0
./image/cat_dog\cats\cat.515.jpg,0
./image/cat_dog\cats\cat.516.jpg,0
./image/cat_dog\cats\cat.517.jpg,0
./image/cat_dog\cats\cat.518.jpg,0
./image/cat_dog\cats\cat.519.jpg,0
./image/cat_dog\cats\cat.52.jpg,0
./image/cat_dog\cats\cat.520.jpg,0
./image/cat_dog\cats\cat.521.jpg,0
./image/cat_dog\cats\cat.522.jpg,0
./image/cat_dog\cats\cat.523.jpg,0
./image/cat_dog\cats\cat.524.jpg,0
./image/cat_dog\cats\cat.525.jpg,0
./image/cat_dog\cats\cat.526.jpg,0
./image/cat_dog\cats\cat.527.jpg,0
./image/cat_dog\cats\cat.528.jpg,0
./image/cat_dog\cats\cat.529.jpg,0
./image/cat_dog\cats\cat.53.jpg,0
./image/cat_dog\cats\cat.530.jpg,0
./image/cat_dog\cats\cat.531.jpg,0
./image/cat_dog\cats\cat.532.jpg,0
./image/cat_dog\cats\cat.533.jpg,0
./image/cat_dog\cats\cat.534.jpg,0
./image/cat_dog\cats\cat.535.jpg,0
./image/cat_dog\cats\cat.536.jpg,0
./image/cat_dog\cats\cat.537.jpg,0
./image/cat_dog\cats\cat.538.jpg,0
./image/cat_dog\cats\cat.539.jpg,0
./image/cat_dog\cats\cat.54.jpg,0
./image/cat_dog\cats\cat.540.jpg,0
./image/cat_dog\cats\cat.541.jpg,0
./image/cat_dog\cats\cat.542.jpg,0
./image/cat_dog\cats\cat.543.jpg,0
./image/cat_dog\cats\cat.544.jpg,0
./image/cat_dog\cats\cat.545.jpg,0
./image/cat_dog\cats\cat.546.jpg,0
./image/cat_dog\cats\cat.547.jpg,0
./image/cat_dog\cats\cat.548.jpg,0
./image/cat_dog\cats\cat.549.jpg,0
./image/cat_dog\cats\cat.55.jpg,0
./image/cat_dog\cats\cat.550.jpg,0
./image/cat_dog\cats\cat.551.jpg,0
./image/cat_dog\cats\cat.552.jpg,0
./image/cat_dog\cats\cat.553.jpg,0
./image/cat_dog\cats\cat.554.jpg,0
./image/cat_dog\cats\cat.555.jpg,0
./image/cat_dog\cats\cat.556.jpg,0
./image/cat_dog\cats\cat.557.jpg,0
./image/cat_dog\cats\cat.558.jpg,0
./image/cat_dog\cats\cat.559.jpg,0
./image/cat_dog\cats\cat.56.jpg,0
./image/cat_dog\cats\cat.560.jpg,0
./image/cat_dog\cats\cat.561.jpg,0
./image/cat_dog\cats\cat.562.jpg,0
./image/cat_dog\cats\cat.563.jpg,0
./image/cat_dog\cats\cat.564.jpg,0
./image/cat_dog\cats\cat.565.jpg,0
./image/cat_dog\cats\cat.566.jpg,0
./image/cat_dog\cats\cat.567.jpg,0
./image/cat_dog\cats\cat.568.jpg,0
./image/cat_dog\cats\cat.569.jpg,0
./image/cat_dog\cats\cat.57.jpg,0
./image/cat_dog\cats\cat.570.jpg,0
./image/cat_dog\cats\cat.571.jpg,0
./image/cat_dog\cats\cat.572.jpg,0
./image/cat_dog\cats\cat.573.jpg,0
./image/cat_dog\cats\cat.574.jpg,0
./image/cat_dog\cats\cat.575.jpg,0
./image/cat_dog\cats\cat.576.jpg,0
./image/cat_dog\cats\cat.577.jpg,0
./image/cat_dog\cats\cat.578.jpg,0
./image/cat_dog\cats\cat.579.jpg,0
./image/cat_dog\cats\cat.58.jpg,0
./image/cat_dog\cats\cat.580.jpg,0
./image/cat_dog\cats\cat.581.jpg,0
./image/cat_dog\cats\cat.582.jpg,0
./image/cat_dog\cats\cat.583.jpg,0
./image/cat_dog\cats\cat.584.jpg,0
./image/cat_dog\cats\cat.585.jpg,0
./image/cat_dog\cats\cat.586.jpg,0
./image/cat_dog\cats\cat.587.jpg,0
./image/cat_dog\cats\cat.588.jpg,0
./image/cat_dog\cats\cat.589.jpg,0
./image/cat_dog\cats\cat.59.jpg,0
./image/cat_dog\cats\cat.590.jpg,0
./image/cat_dog\cats\cat.591.jpg,0
./image/cat_dog\cats\cat.592.jpg,0
./image/cat_dog\cats\cat.593.jpg,0
./image/cat_dog\cats\cat.594.jpg,0
./image/cat_dog\cats\cat.595.jpg,0
./image/cat_dog\cats\cat.596.jpg,0
./image/cat_dog\cats\cat.597.jpg,0
./image/cat_dog\cats\cat.598.jpg,0
./image/cat_dog\cats\cat.599.jpg,0
./image/cat_dog\cats\cat.6.jpg,0
./image/cat_dog\cats\cat.60.jpg,0
./image/cat_dog\cats\cat.600.jpg,0
./image/cat_dog\cats\cat.601.jpg,0
./image/cat_dog\cats\cat.602.jpg,0
./image/cat_dog\cats\cat.603.jpg,0
./image/cat_dog\cats\cat.604.jpg,0
./image/cat_dog\cats\cat.605.jpg,0
./image/cat_dog\cats\cat.606.jpg,0
./image/cat_dog\cats\cat.607.jpg,0
./image/cat_dog\cats\cat.608.jpg,0
./image/cat_dog\cats\cat.609.jpg,0
./image/cat_dog\cats\cat.61.jpg,0
./image/cat_dog\cats\cat.610.jpg,0
./image/cat_dog\cats\cat.611.jpg,0
./image/cat_dog\cats\cat.612.jpg,0
./image/cat_dog\cats\cat.613.jpg,0
./image/cat_dog\cats\cat.614.jpg,0
./image/cat_dog\cats\cat.615.jpg,0
./image/cat_dog\cats\cat.616.jpg,0
./image/cat_dog\cats\cat.617.jpg,0
./image/cat_dog\cats\cat.618.jpg,0
./image/cat_dog\cats\cat.619.jpg,0
./image/cat_dog\cats\cat.62.jpg,0
./image/cat_dog\cats\cat.620.jpg,0
./image/cat_dog\cats\cat.621.jpg,0
./image/cat_dog\cats\cat.622.jpg,0
./image/cat_dog\cats\cat.623.jpg,0
./image/cat_dog\cats\cat.624.jpg,0
./image/cat_dog\cats\cat.625.jpg,0
./image/cat_dog\cats\cat.626.jpg,0
./image/cat_dog\cats\cat.627.jpg,0
./image/cat_dog\cats\cat.628.jpg,0
./image/cat_dog\cats\cat.629.jpg,0
./image/cat_dog\cats\cat.63.jpg,0
./image/cat_dog\cats\cat.630.jpg,0
./image/cat_dog\cats\cat.631.jpg,0
./image/cat_dog\cats\cat.632.jpg,0
./image/cat_dog\cats\cat.633.jpg,0
./image/cat_dog\cats\cat.634.jpg,0
./image/cat_dog\cats\cat.635.jpg,0
./image/cat_dog\cats\cat.636.jpg,0
./image/cat_dog\cats\cat.637.jpg,0
./image/cat_dog\cats\cat.638.jpg,0
./image/cat_dog\cats\cat.639.jpg,0
./image/cat_dog\cats\cat.64.jpg,0
./image/cat_dog\cats\cat.640.jpg,0
./image/cat_dog\cats\cat.641.jpg,0
./image/cat_dog\cats\cat.642.jpg,0
./image/cat_dog\cats\cat.643.jpg,0
./image/cat_dog\cats\cat.644.jpg,0
./image/cat_dog\cats\cat.645.jpg,0
./image/cat_dog\cats\cat.646.jpg,0
./image/cat_dog\cats\cat.647.jpg,0
./image/cat_dog\cats\cat.648.jpg,0
./image/cat_dog\cats\cat.649.jpg,0
./image/cat_dog\cats\cat.65.jpg,0
./image/cat_dog\cats\cat.650.jpg,0
./image/cat_dog\cats\cat.651.jpg,0
./image/cat_dog\cats\cat.652.jpg,0
./image/cat_dog\cats\cat.653.jpg,0
./image/cat_dog\cats\cat.654.jpg,0
./image/cat_dog\cats\cat.655.jpg,0
./image/cat_dog\cats\cat.656.jpg,0
./image/cat_dog\cats\cat.657.jpg,0
./image/cat_dog\cats\cat.658.jpg,0
./image/cat_dog\cats\cat.659.jpg,0
./image/cat_dog\cats\cat.66.jpg,0
./image/cat_dog\cats\cat.660.jpg,0
./image/cat_dog\cats\cat.661.jpg,0
./image/cat_dog\cats\cat.662.jpg,0
./image/cat_dog\cats\cat.663.jpg,0
./image/cat_dog\cats\cat.664.jpg,0
./image/cat_dog\cats\cat.665.jpg,0
./image/cat_dog\cats\cat.666.jpg,0
./image/cat_dog\cats\cat.667.jpg,0
./image/cat_dog\cats\cat.668.jpg,0
./image/cat_dog\cats\cat.669.jpg,0
./image/cat_dog\cats\cat.67.jpg,0
./image/cat_dog\cats\cat.670.jpg,0
./image/cat_dog\cats\cat.671.jpg,0
./image/cat_dog\cats\cat.672.jpg,0
./image/cat_dog\cats\cat.673.jpg,0
./image/cat_dog\cats\cat.674.jpg,0
./image/cat_dog\cats\cat.675.jpg,0
./image/cat_dog\cats\cat.676.jpg,0
./image/cat_dog\cats\cat.677.jpg,0
./image/cat_dog\cats\cat.678.jpg,0
./image/cat_dog\cats\cat.679.jpg,0
./image/cat_dog\cats\cat.68.jpg,0
./image/cat_dog\cats\cat.680.jpg,0
./image/cat_dog\cats\cat.681.jpg,0
./image/cat_dog\cats\cat.682.jpg,0
./image/cat_dog\cats\cat.683.jpg,0
./image/cat_dog\cats\cat.684.jpg,0
./image/cat_dog\cats\cat.685.jpg,0
./image/cat_dog\cats\cat.686.jpg,0
./image/cat_dog\cats\cat.687.jpg,0
./image/cat_dog\cats\cat.688.jpg,0
./image/cat_dog\cats\cat.689.jpg,0
./image/cat_dog\cats\cat.69.jpg,0
./image/cat_dog\cats\cat.690.jpg,0
./image/cat_dog\cats\cat.691.jpg,0
./image/cat_dog\cats\cat.692.jpg,0
./image/cat_dog\cats\cat.693.jpg,0
./image/cat_dog\cats\cat.694.jpg,0
./image/cat_dog\cats\cat.695.jpg,0
./image/cat_dog\cats\cat.696.jpg,0
./image/cat_dog\cats\cat.697.jpg,0
./image/cat_dog\cats\cat.698.jpg,0
./image/cat_dog\cats\cat.699.jpg,0
./image/cat_dog\cats\cat.7.jpg,0
./image/cat_dog\cats\cat.70.jpg,0
./image/cat_dog\cats\cat.700.jpg,0
./image/cat_dog\cats\cat.701.jpg,0
./image/cat_dog\cats\cat.702.jpg,0
./image/cat_dog\cats\cat.703.jpg,0
./image/cat_dog\cats\cat.704.jpg,0
./image/cat_dog\cats\cat.705.jpg,0
./image/cat_dog\cats\cat.706.jpg,0
./image/cat_dog\cats\cat.707.jpg,0
./image/cat_dog\cats\cat.708.jpg,0
./image/cat_dog\cats\cat.709.jpg,0
./image/cat_dog\cats\cat.71.jpg,0
./image/cat_dog\cats\cat.710.jpg,0
./image/cat_dog\cats\cat.711.jpg,0
./image/cat_dog\cats\cat.712.jpg,0
./image/cat_dog\cats\cat.713.jpg,0
./image/cat_dog\cats\cat.714.jpg,0
./image/cat_dog\cats\cat.715.jpg,0
./image/cat_dog\cats\cat.716.jpg,0
./image/cat_dog\cats\cat.717.jpg,0
./image/cat_dog\cats\cat.718.jpg,0
./image/cat_dog\cats\cat.719.jpg,0
./image/cat_dog\cats\cat.72.jpg,0
./image/cat_dog\cats\cat.720.jpg,0
./image/cat_dog\cats\cat.721.jpg,0
./image/cat_dog\cats\cat.722.jpg,0
./image/cat_dog\cats\cat.723.jpg,0
./image/cat_dog\cats\cat.724.jpg,0
./image/cat_dog\cats\cat.725.jpg,0
./image/cat_dog\cats\cat.726.jpg,0
./image/cat_dog\cats\cat.727.jpg,0
./image/cat_dog\cats\cat.728.jpg,0
./image/cat_dog\cats\cat.729.jpg,0
./image/cat_dog\cats\cat.73.jpg,0
./image/cat_dog\cats\cat.730.jpg,0
./image/cat_dog\cats\cat.731.jpg,0
./image/cat_dog\cats\cat.732.jpg,0
./image/cat_dog\cats\cat.733.jpg,0
./image/cat_dog\cats\cat.734.jpg,0
./image/cat_dog\cats\cat.735.jpg,0
./image/cat_dog\cats\cat.736.jpg,0
./image/cat_dog\cats\cat.737.jpg,0
./image/cat_dog\cats\cat.738.jpg,0
./image/cat_dog\cats\cat.739.jpg,0
./image/cat_dog\cats\cat.74.jpg,0
./image/cat_dog\cats\cat.740.jpg,0
./image/cat_dog\cats\cat.741.jpg,0
./image/cat_dog\cats\cat.742.jpg,0
./image/cat_dog\cats\cat.743.jpg,0
./image/cat_dog\cats\cat.744.jpg,0
./image/cat_dog\cats\cat.745.jpg,0
./image/cat_dog\cats\cat.746.jpg,0
./image/cat_dog\cats\cat.747.jpg,0
./image/cat_dog\cats\cat.748.jpg,0
./image/cat_dog\cats\cat.749.jpg,0
./image/cat_dog\cats\cat.75.jpg,0
./image/cat_dog\cats\cat.750.jpg,0
./image/cat_dog\cats\cat.751.jpg,0
./image/cat_dog\cats\cat.752.jpg,0
./image/cat_dog\cats\cat.753.jpg,0
./image/cat_dog\cats\cat.754.jpg,0
./image/cat_dog\cats\cat.755.jpg,0
./image/cat_dog\cats\cat.756.jpg,0
./image/cat_dog\cats\cat.757.jpg,0
./image/cat_dog\cats\cat.758.jpg,0
./image/cat_dog\cats\cat.759.jpg,0
./image/cat_dog\cats\cat.76.jpg,0
./image/cat_dog\cats\cat.760.jpg,0
./image/cat_dog\cats\cat.761.jpg,0
./image/cat_dog\cats\cat.762.jpg,0
./image/cat_dog\cats\cat.763.jpg,0
./image/cat_dog\cats\cat.764.jpg,0
./image/cat_dog\cats\cat.765.jpg,0
./image/cat_dog\cats\cat.766.jpg,0
./image/cat_dog\cats\cat.767.jpg,0
./image/cat_dog\cats\cat.768.jpg,0
./image/cat_dog\cats\cat.769.jpg,0
./image/cat_dog\cats\cat.77.jpg,0
./image/cat_dog\cats\cat.770.jpg,0
./image/cat_dog\cats\cat.771.jpg,0
./image/cat_dog\cats\cat.772.jpg,0
./image/cat_dog\cats\cat.773.jpg,0
./image/cat_dog\cats\cat.774.jpg,0
./image/cat_dog\cats\cat.775.jpg,0
./image/cat_dog\cats\cat.776.jpg,0
./image/cat_dog\cats\cat.777.jpg,0
./image/cat_dog\cats\cat.778.jpg,0
./image/cat_dog\cats\cat.779.jpg,0
./image/cat_dog\cats\cat.78.jpg,0
./image/cat_dog\cats\cat.780.jpg,0
./image/cat_dog\cats\cat.781.jpg,0
./image/cat_dog\cats\cat.782.jpg,0
./image/cat_dog\cats\cat.783.jpg,0
./image/cat_dog\cats\cat.784.jpg,0
./image/cat_dog\cats\cat.785.jpg,0
./image/cat_dog\cats\cat.786.jpg,0
./image/cat_dog\cats\cat.787.jpg,0
./image/cat_dog\cats\cat.788.jpg,0
./image/cat_dog\cats\cat.789.jpg,0
./image/cat_dog\cats\cat.79.jpg,0
./image/cat_dog\cats\cat.790.jpg,0
./image/cat_dog\cats\cat.791.jpg,0
./image/cat_dog\cats\cat.792.jpg,0
./image/cat_dog\cats\cat.793.jpg,0
./image/cat_dog\cats\cat.794.jpg,0
./image/cat_dog\cats\cat.795.jpg,0
./image/cat_dog\cats\cat.796.jpg,0
./image/cat_dog\cats\cat.797.jpg,0
./image/cat_dog\cats\cat.798.jpg,0
./image/cat_dog\cats\cat.799.jpg,0
./image/cat_dog\cats\cat.8.jpg,0
./image/cat_dog\cats\cat.80.jpg,0
./image/cat_dog\cats\cat.800.jpg,0
./image/cat_dog\cats\cat.801.jpg,0
./image/cat_dog\cats\cat.802.jpg,0
./image/cat_dog\cats\cat.803.jpg,0
./image/cat_dog\cats\cat.804.jpg,0
./image/cat_dog\cats\cat.805.jpg,0
./image/cat_dog\cats\cat.806.jpg,0
./image/cat_dog\cats\cat.807.jpg,0
./image/cat_dog\cats\cat.808.jpg,0
./image/cat_dog\cats\cat.809.jpg,0
./image/cat_dog\cats\cat.81.jpg,0
./image/cat_dog\cats\cat.810.jpg,0
./image/cat_dog\cats\cat.811.jpg,0
./image/cat_dog\cats\cat.812.jpg,0
./image/cat_dog\cats\cat.813.jpg,0
./image/cat_dog\cats\cat.814.jpg,0
./image/cat_dog\cats\cat.815.jpg,0
./image/cat_dog\cats\cat.816.jpg,0
./image/cat_dog\cats\cat.817.jpg,0
./image/cat_dog\cats\cat.818.jpg,0
./image/cat_dog\cats\cat.819.jpg,0
./image/cat_dog\cats\cat.82.jpg,0
./image/cat_dog\cats\cat.820.jpg,0
./image/cat_dog\cats\cat.821.jpg,0
./image/cat_dog\cats\cat.822.jpg,0
./image/cat_dog\cats\cat.823.jpg,0
./image/cat_dog\cats\cat.824.jpg,0
./image/cat_dog\cats\cat.825.jpg,0
./image/cat_dog\cats\cat.826.jpg,0
./image/cat_dog\cats\cat.827.jpg,0
./image/cat_dog\cats\cat.828.jpg,0
./image/cat_dog\cats\cat.829.jpg,0
./image/cat_dog\cats\cat.83.jpg,0
./image/cat_dog\cats\cat.830.jpg,0
./image/cat_dog\cats\cat.831.jpg,0
./image/cat_dog\cats\cat.832.jpg,0
./image/cat_dog\cats\cat.833.jpg,0
./image/cat_dog\cats\cat.834.jpg,0
./image/cat_dog\cats\cat.835.jpg,0
./image/cat_dog\cats\cat.836.jpg,0
./image/cat_dog\cats\cat.837.jpg,0
./image/cat_dog\cats\cat.838.jpg,0
./image/cat_dog\cats\cat.839.jpg,0
./image/cat_dog\cats\cat.84.jpg,0
./image/cat_dog\cats\cat.840.jpg,0
./image/cat_dog\cats\cat.841.jpg,0
./image/cat_dog\cats\cat.842.jpg,0
./image/cat_dog\cats\cat.843.jpg,0
./image/cat_dog\cats\cat.844.jpg,0
./image/cat_dog\cats\cat.845.jpg,0
./image/cat_dog\cats\cat.846.jpg,0
./image/cat_dog\cats\cat.847.jpg,0
./image/cat_dog\cats\cat.848.jpg,0
./image/cat_dog\cats\cat.849.jpg,0
./image/cat_dog\cats\cat.85.jpg,0
./image/cat_dog\cats\cat.850.jpg,0
./image/cat_dog\cats\cat.851.jpg,0
./image/cat_dog\cats\cat.852.jpg,0
./image/cat_dog\cats\cat.853.jpg,0
./image/cat_dog\cats\cat.854.jpg,0
./image/cat_dog\cats\cat.855.jpg,0
./image/cat_dog\cats\cat.856.jpg,0
./image/cat_dog\cats\cat.857.jpg,0
./image/cat_dog\cats\cat.858.jpg,0
./image/cat_dog\cats\cat.859.jpg,0
./image/cat_dog\cats\cat.86.jpg,0
./image/cat_dog\cats\cat.860.jpg,0
./image/cat_dog\cats\cat.861.jpg,0
./image/cat_dog\cats\cat.862.jpg,0
./image/cat_dog\cats\cat.863.jpg,0
./image/cat_dog\cats\cat.864.jpg,0
./image/cat_dog\cats\cat.865.jpg,0
./image/cat_dog\cats\cat.866.jpg,0
./image/cat_dog\cats\cat.867.jpg,0
./image/cat_dog\cats\cat.868.jpg,0
./image/cat_dog\cats\cat.869.jpg,0
./image/cat_dog\cats\cat.87.jpg,0
./image/cat_dog\cats\cat.870.jpg,0
./image/cat_dog\cats\cat.871.jpg,0
./image/cat_dog\cats\cat.872.jpg,0
./image/cat_dog\cats\cat.873.jpg,0
./image/cat_dog\cats\cat.874.jpg,0
./image/cat_dog\cats\cat.875.jpg,0
./image/cat_dog\cats\cat.876.jpg,0
./image/cat_dog\cats\cat.877.jpg,0
./image/cat_dog\cats\cat.878.jpg,0
./image/cat_dog\cats\cat.879.jpg,0
./image/cat_dog\cats\cat.88.jpg,0
./image/cat_dog\cats\cat.880.jpg,0
./image/cat_dog\cats\cat.881.jpg,0
./image/cat_dog\cats\cat.882.jpg,0
./image/cat_dog\cats\cat.883.jpg,0
./image/cat_dog\cats\cat.884.jpg,0
./image/cat_dog\cats\cat.885.jpg,0
./image/cat_dog\cats\cat.886.jpg,0
./image/cat_dog\cats\cat.887.jpg,0
./image/cat_dog\cats\cat.888.jpg,0
./image/cat_dog\cats\cat.889.jpg,0
./image/cat_dog\cats\cat.89.jpg,0
./image/cat_dog\cats\cat.890.jpg,0
./image/cat_dog\cats\cat.891.jpg,0
./image/cat_dog\cats\cat.892.jpg,0
./image/cat_dog\cats\cat.893.jpg,0
./image/cat_dog\cats\cat.894.jpg,0
./image/cat_dog\cats\cat.895.jpg,0
./image/cat_dog\cats\cat.896.jpg,0
./image/cat_dog\cats\cat.897.jpg,0
./image/cat_dog\cats\cat.898.jpg,0
./image/cat_dog\cats\cat.899.jpg,0
./image/cat_dog\cats\cat.9.jpg,0
./image/cat_dog\cats\cat.90.jpg,0
./image/cat_dog\cats\cat.900.jpg,0
./image/cat_dog\cats\cat.901.jpg,0
./image/cat_dog\cats\cat.902.jpg,0
./image/cat_dog\cats\cat.903.jpg,0
./image/cat_dog\cats\cat.904.jpg,0
./image/cat_dog\cats\cat.905.jpg,0
./image/cat_dog\cats\cat.906.jpg,0
./image/cat_dog\cats\cat.907.jpg,0
./image/cat_dog\cats\cat.908.jpg,0
./image/cat_dog\cats\cat.909.jpg,0
./image/cat_dog\cats\cat.91.jpg,0
./image/cat_dog\cats\cat.910.jpg,0
./image/cat_dog\cats\cat.911.jpg,0
./image/cat_dog\cats\cat.912.jpg,0
./image/cat_dog\cats\cat.913.jpg,0
./image/cat_dog\cats\cat.914.jpg,0
./image/cat_dog\cats\cat.915.jpg,0
./image/cat_dog\cats\cat.916.jpg,0
./image/cat_dog\cats\cat.917.jpg,0
./image/cat_dog\cats\cat.918.jpg,0
./image/cat_dog\cats\cat.919.jpg,0
./image/cat_dog\cats\cat.92.jpg,0
./image/cat_dog\cats\cat.920.jpg,0
./image/cat_dog\cats\cat.921.jpg,0
./image/cat_dog\cats\cat.922.jpg,0
./image/cat_dog\cats\cat.923.jpg,0
./image/cat_dog\cats\cat.924.jpg,0
./image/cat_dog\cats\cat.925.jpg,0
./image/cat_dog\cats\cat.926.jpg,0
./image/cat_dog\cats\cat.927.jpg,0
./image/cat_dog\cats\cat.928.jpg,0
./image/cat_dog\cats\cat.929.jpg,0
./image/cat_dog\cats\cat.93.jpg,0
./image/cat_dog\cats\cat.930.jpg,0
./image/cat_dog\cats\cat.931.jpg,0
./image/cat_dog\cats\cat.932.jpg,0
./image/cat_dog\cats\cat.933.jpg,0
./image/cat_dog\cats\cat.934.jpg,0
./image/cat_dog\cats\cat.935.jpg,0
./image/cat_dog\cats\cat.936.jpg,0
./image/cat_dog\cats\cat.937.jpg,0
./image/cat_dog\cats\cat.938.jpg,0
./image/cat_dog\cats\cat.939.jpg,0
./image/cat_dog\cats\cat.94.jpg,0
./image/cat_dog\cats\cat.940.jpg,0
./image/cat_dog\cats\cat.941.jpg,0
./image/cat_dog\cats\cat.942.jpg,0
./image/cat_dog\cats\cat.943.jpg,0
./image/cat_dog\cats\cat.944.jpg,0
./image/cat_dog\cats\cat.945.jpg,0
./image/cat_dog\cats\cat.946.jpg,0
./image/cat_dog\cats\cat.947.jpg,0
./image/cat_dog\cats\cat.948.jpg,0
./image/cat_dog\cats\cat.949.jpg,0
./image/cat_dog\cats\cat.95.jpg,0
./image/cat_dog\cats\cat.950.jpg,0
./image/cat_dog\cats\cat.951.jpg,0
./image/cat_dog\cats\cat.952.jpg,0
./image/cat_dog\cats\cat.953.jpg,0
./image/cat_dog\cats\cat.954.jpg,0
./image/cat_dog\cats\cat.955.jpg,0
./image/cat_dog\cats\cat.956.jpg,0
./image/cat_dog\cats\cat.957.jpg,0
./image/cat_dog\cats\cat.958.jpg,0
./image/cat_dog\cats\cat.959.jpg,0
./image/cat_dog\cats\cat.96.jpg,0
./image/cat_dog\cats\cat.960.jpg,0
./image/cat_dog\cats\cat.961.jpg,0
./image/cat_dog\cats\cat.962.jpg,0
./image/cat_dog\cats\cat.963.jpg,0
./image/cat_dog\cats\cat.964.jpg,0
./image/cat_dog\cats\cat.965.jpg,0
./image/cat_dog\cats\cat.966.jpg,0
./image/cat_dog\cats\cat.967.jpg,0
./image/cat_dog\cats\cat.968.jpg,0
./image/cat_dog\cats\cat.969.jpg,0
./image/cat_dog\cats\cat.97.jpg,0
./image/cat_dog\cats\cat.970.jpg,0
./image/cat_dog\cats\cat.971.jpg,0
./image/cat_dog\cats\cat.972.jpg,0
./image/cat_dog\cats\cat.973.jpg,0
./image/cat_dog\cats\cat.974.jpg,0
./image/cat_dog\cats\cat.975.jpg,0
./image/cat_dog\cats\cat.976.jpg,0
./image/cat_dog\cats\cat.977.jpg,0
./image/cat_dog\cats\cat.978.jpg,0
./image/cat_dog\cats\cat.979.jpg,0
./image/cat_dog\cats\cat.98.jpg,0
./image/cat_dog\cats\cat.980.jpg,0
./image/cat_dog\cats\cat.981.jpg,0
./image/cat_dog\cats\cat.982.jpg,0
./image/cat_dog\cats\cat.983.jpg,0
./image/cat_dog\cats\cat.984.jpg,0
./image/cat_dog\cats\cat.985.jpg,0
./image/cat_dog\cats\cat.986.jpg,0
./image/cat_dog\cats\cat.987.jpg,0
./image/cat_dog\cats\cat.988.jpg,0
./image/cat_dog\cats\cat.989.jpg,0
./image/cat_dog\cats\cat.99.jpg,0
./image/cat_dog\cats\cat.990.jpg,0
./image/cat_dog\cats\cat.991.jpg,0
./image/cat_dog\cats\cat.992.jpg,0
./image/cat_dog\cats\cat.993.jpg,0
./image/cat_dog\cats\cat.994.jpg,0
./image/cat_dog\cats\cat.995.jpg,0
./image/cat_dog\cats\cat.996.jpg,0
./image/cat_dog\cats\cat.997.jpg,0
./image/cat_dog\cats\cat.998.jpg,0
./image/cat_dog\cats\cat.999.jpg,0
./image/cat_dog\dogs\dog.1.jpg,1
./image/cat_dog\dogs\dog.10.jpg,1
./image/cat_dog\dogs\dog.100.jpg,1
./image/cat_dog\dogs\dog.1000.jpg,1
./image/cat_dog\dogs\dog.101.jpg,1
./image/cat_dog\dogs\dog.102.jpg,1
./image/cat_dog\dogs\dog.103.jpg,1
./image/cat_dog\dogs\dog.104.jpg,1
./image/cat_dog\dogs\dog.105.jpg,1
./image/cat_dog\dogs\dog.106.jpg,1
./image/cat_dog\dogs\dog.107.jpg,1
./image/cat_dog\dogs\dog.108.jpg,1
./image/cat_dog\dogs\dog.109.jpg,1
./image/cat_dog\dogs\dog.11.jpg,1
./image/cat_dog\dogs\dog.110.jpg,1
./image/cat_dog\dogs\dog.111.jpg,1
./image/cat_dog\dogs\dog.112.jpg,1
./image/cat_dog\dogs\dog.113.jpg,1
./image/cat_dog\dogs\dog.114.jpg,1
./image/cat_dog\dogs\dog.115.jpg,1
./image/cat_dog\dogs\dog.116.jpg,1
./image/cat_dog\dogs\dog.117.jpg,1
./image/cat_dog\dogs\dog.118.jpg,1
./image/cat_dog\dogs\dog.119.jpg,1
./image/cat_dog\dogs\dog.12.jpg,1
./image/cat_dog\dogs\dog.120.jpg,1
./image/cat_dog\dogs\dog.121.jpg,1
./image/cat_dog\dogs\dog.122.jpg,1
./image/cat_dog\dogs\dog.123.jpg,1
./image/cat_dog\dogs\dog.124.jpg,1
./image/cat_dog\dogs\dog.125.jpg,1
./image/cat_dog\dogs\dog.126.jpg,1
./image/cat_dog\dogs\dog.127.jpg,1
./image/cat_dog\dogs\dog.128.jpg,1
./image/cat_dog\dogs\dog.129.jpg,1
./image/cat_dog\dogs\dog.13.jpg,1
./image/cat_dog\dogs\dog.130.jpg,1
./image/cat_dog\dogs\dog.131.jpg,1
./image/cat_dog\dogs\dog.132.jpg,1
./image/cat_dog\dogs\dog.133.jpg,1
./image/cat_dog\dogs\dog.134.jpg,1
./image/cat_dog\dogs\dog.135.jpg,1
./image/cat_dog\dogs\dog.136.jpg,1
./image/cat_dog\dogs\dog.137.jpg,1
./image/cat_dog\dogs\dog.138.jpg,1
./image/cat_dog\dogs\dog.139.jpg,1
./image/cat_dog\dogs\dog.14.jpg,1
./image/cat_dog\dogs\dog.140.jpg,1
./image/cat_dog\dogs\dog.141.jpg,1
./image/cat_dog\dogs\dog.142.jpg,1
./image/cat_dog\dogs\dog.143.jpg,1
./image/cat_dog\dogs\dog.144.jpg,1
./image/cat_dog\dogs\dog.145.jpg,1
./image/cat_dog\dogs\dog.146.jpg,1
./image/cat_dog\dogs\dog.147.jpg,1
./image/cat_dog\dogs\dog.148.jpg,1
./image/cat_dog\dogs\dog.149.jpg,1
./image/cat_dog\dogs\dog.15.jpg,1
./image/cat_dog\dogs\dog.150.jpg,1
./image/cat_dog\dogs\dog.151.jpg,1
./image/cat_dog\dogs\dog.152.jpg,1
./image/cat_dog\dogs\dog.153.jpg,1
./image/cat_dog\dogs\dog.154.jpg,1
./image/cat_dog\dogs\dog.155.jpg,1
./image/cat_dog\dogs\dog.156.jpg,1
./image/cat_dog\dogs\dog.157.jpg,1
./image/cat_dog\dogs\dog.158.jpg,1
./image/cat_dog\dogs\dog.159.jpg,1
./image/cat_dog\dogs\dog.16.jpg,1
./image/cat_dog\dogs\dog.160.jpg,1
./image/cat_dog\dogs\dog.161.jpg,1
./image/cat_dog\dogs\dog.162.jpg,1
./image/cat_dog\dogs\dog.163.jpg,1
./image/cat_dog\dogs\dog.164.jpg,1
./image/cat_dog\dogs\dog.165.jpg,1
./image/cat_dog\dogs\dog.166.jpg,1
./image/cat_dog\dogs\dog.167.jpg,1
./image/cat_dog\dogs\dog.168.jpg,1
./image/cat_dog\dogs\dog.169.jpg,1
./image/cat_dog\dogs\dog.17.jpg,1
./image/cat_dog\dogs\dog.170.jpg,1
./image/cat_dog\dogs\dog.171.jpg,1
./image/cat_dog\dogs\dog.172.jpg,1
./image/cat_dog\dogs\dog.173.jpg,1
./image/cat_dog\dogs\dog.174.jpg,1
./image/cat_dog\dogs\dog.175.jpg,1
./image/cat_dog\dogs\dog.176.jpg,1
./image/cat_dog\dogs\dog.177.jpg,1
./image/cat_dog\dogs\dog.178.jpg,1
./image/cat_dog\dogs\dog.179.jpg,1
./image/cat_dog\dogs\dog.18.jpg,1
./image/cat_dog\dogs\dog.180.jpg,1
./image/cat_dog\dogs\dog.181.jpg,1
./image/cat_dog\dogs\dog.182.jpg,1
./image/cat_dog\dogs\dog.183.jpg,1
./image/cat_dog\dogs\dog.184.jpg,1
./image/cat_dog\dogs\dog.185.jpg,1
./image/cat_dog\dogs\dog.186.jpg,1
./image/cat_dog\dogs\dog.187.jpg,1
./image/cat_dog\dogs\dog.188.jpg,1
./image/cat_dog\dogs\dog.189.jpg,1
./image/cat_dog\dogs\dog.19.jpg,1
./image/cat_dog\dogs\dog.190.jpg,1
./image/cat_dog\dogs\dog.191.jpg,1
./image/cat_dog\dogs\dog.192.jpg,1
./image/cat_dog\dogs\dog.193.jpg,1
./image/cat_dog\dogs\dog.194.jpg,1
./image/cat_dog\dogs\dog.195.jpg,1
./image/cat_dog\dogs\dog.196.jpg,1
./image/cat_dog\dogs\dog.197.jpg,1
./image/cat_dog\dogs\dog.198.jpg,1
./image/cat_dog\dogs\dog.199.jpg,1
./image/cat_dog\dogs\dog.2.jpg,1
./image/cat_dog\dogs\dog.20.jpg,1
./image/cat_dog\dogs\dog.200.jpg,1
./image/cat_dog\dogs\dog.201.jpg,1
./image/cat_dog\dogs\dog.202.jpg,1
./image/cat_dog\dogs\dog.203.jpg,1
./image/cat_dog\dogs\dog.204.jpg,1
./image/cat_dog\dogs\dog.205.jpg,1
./image/cat_dog\dogs\dog.206.jpg,1
./image/cat_dog\dogs\dog.207.jpg,1
./image/cat_dog\dogs\dog.208.jpg,1
./image/cat_dog\dogs\dog.209.jpg,1
./image/cat_dog\dogs\dog.21.jpg,1
./image/cat_dog\dogs\dog.210.jpg,1
./image/cat_dog\dogs\dog.211.jpg,1
./image/cat_dog\dogs\dog.212.jpg,1
./image/cat_dog\dogs\dog.213.jpg,1
./image/cat_dog\dogs\dog.214.jpg,1
./image/cat_dog\dogs\dog.215.jpg,1
./image/cat_dog\dogs\dog.216.jpg,1
./image/cat_dog\dogs\dog.217.jpg,1
./image/cat_dog\dogs\dog.218.jpg,1
./image/cat_dog\dogs\dog.219.jpg,1
./image/cat_dog\dogs\dog.22.jpg,1
./image/cat_dog\dogs\dog.220.jpg,1
./image/cat_dog\dogs\dog.221.jpg,1
./image/cat_dog\dogs\dog.222.jpg,1
./image/cat_dog\dogs\dog.223.jpg,1
./image/cat_dog\dogs\dog.224.jpg,1
./image/cat_dog\dogs\dog.225.jpg,1
./image/cat_dog\dogs\dog.226.jpg,1
./image/cat_dog\dogs\dog.227.jpg,1
./image/cat_dog\dogs\dog.228.jpg,1
./image/cat_dog\dogs\dog.229.jpg,1
./image/cat_dog\dogs\dog.23.jpg,1
./image/cat_dog\dogs\dog.230.jpg,1
./image/cat_dog\dogs\dog.231.jpg,1
./image/cat_dog\dogs\dog.232.jpg,1
./image/cat_dog\dogs\dog.233.jpg,1
./image/cat_dog\dogs\dog.234.jpg,1
./image/cat_dog\dogs\dog.235.jpg,1
./image/cat_dog\dogs\dog.236.jpg,1
./image/cat_dog\dogs\dog.237.jpg,1
./image/cat_dog\dogs\dog.238.jpg,1
./image/cat_dog\dogs\dog.239.jpg,1
./image/cat_dog\dogs\dog.24.jpg,1
./image/cat_dog\dogs\dog.240.jpg,1
./image/cat_dog\dogs\dog.241.jpg,1
./image/cat_dog\dogs\dog.242.jpg,1
./image/cat_dog\dogs\dog.243.jpg,1
./image/cat_dog\dogs\dog.244.jpg,1
./image/cat_dog\dogs\dog.245.jpg,1
./image/cat_dog\dogs\dog.246.jpg,1
./image/cat_dog\dogs\dog.247.jpg,1
./image/cat_dog\dogs\dog.248.jpg,1
./image/cat_dog\dogs\dog.249.jpg,1
./image/cat_dog\dogs\dog.25.jpg,1
./image/cat_dog\dogs\dog.250.jpg,1
./image/cat_dog\dogs\dog.251.jpg,1
./image/cat_dog\dogs\dog.252.jpg,1
./image/cat_dog\dogs\dog.253.jpg,1
./image/cat_dog\dogs\dog.254.jpg,1
./image/cat_dog\dogs\dog.255.jpg,1
./image/cat_dog\dogs\dog.256.jpg,1
./image/cat_dog\dogs\dog.257.jpg,1
./image/cat_dog\dogs\dog.258.jpg,1
./image/cat_dog\dogs\dog.259.jpg,1
./image/cat_dog\dogs\dog.26.jpg,1
./image/cat_dog\dogs\dog.260.jpg,1
./image/cat_dog\dogs\dog.261.jpg,1
./image/cat_dog\dogs\dog.262.jpg,1
./image/cat_dog\dogs\dog.263.jpg,1
./image/cat_dog\dogs\dog.264.jpg,1
./image/cat_dog\dogs\dog.265.jpg,1
./image/cat_dog\dogs\dog.266.jpg,1
./image/cat_dog\dogs\dog.267.jpg,1
./image/cat_dog\dogs\dog.268.jpg,1
./image/cat_dog\dogs\dog.269.jpg,1
./image/cat_dog\dogs\dog.27.jpg,1
./image/cat_dog\dogs\dog.270.jpg,1
./image/cat_dog\dogs\dog.271.jpg,1
./image/cat_dog\dogs\dog.272.jpg,1
./image/cat_dog\dogs\dog.273.jpg,1
./image/cat_dog\dogs\dog.274.jpg,1
./image/cat_dog\dogs\dog.275.jpg,1
./image/cat_dog\dogs\dog.276.jpg,1
./image/cat_dog\dogs\dog.277.jpg,1
./image/cat_dog\dogs\dog.278.jpg,1
./image/cat_dog\dogs\dog.279.jpg,1
./image/cat_dog\dogs\dog.28.jpg,1
./image/cat_dog\dogs\dog.280.jpg,1
./image/cat_dog\dogs\dog.281.jpg,1
./image/cat_dog\dogs\dog.282.jpg,1
./image/cat_dog\dogs\dog.283.jpg,1
./image/cat_dog\dogs\dog.284.jpg,1
./image/cat_dog\dogs\dog.285.jpg,1
./image/cat_dog\dogs\dog.286.jpg,1
./image/cat_dog\dogs\dog.287.jpg,1
./image/cat_dog\dogs\dog.288.jpg,1
./image/cat_dog\dogs\dog.289.jpg,1
./image/cat_dog\dogs\dog.29.jpg,1
./image/cat_dog\dogs\dog.290.jpg,1
./image/cat_dog\dogs\dog.291.jpg,1
./image/cat_dog\dogs\dog.292.jpg,1
./image/cat_dog\dogs\dog.293.jpg,1
./image/cat_dog\dogs\dog.294.jpg,1
./image/cat_dog\dogs\dog.295.jpg,1
./image/cat_dog\dogs\dog.296.jpg,1
./image/cat_dog\dogs\dog.297.jpg,1
./image/cat_dog\dogs\dog.298.jpg,1
./image/cat_dog\dogs\dog.299.jpg,1
./image/cat_dog\dogs\dog.3.jpg,1
./image/cat_dog\dogs\dog.30.jpg,1
./image/cat_dog\dogs\dog.300.jpg,1
./image/cat_dog\dogs\dog.301.jpg,1
./image/cat_dog\dogs\dog.302.jpg,1
./image/cat_dog\dogs\dog.303.jpg,1
./image/cat_dog\dogs\dog.304.jpg,1
./image/cat_dog\dogs\dog.305.jpg,1
./image/cat_dog\dogs\dog.306.jpg,1
./image/cat_dog\dogs\dog.307.jpg,1
./image/cat_dog\dogs\dog.308.jpg,1
./image/cat_dog\dogs\dog.309.jpg,1
./image/cat_dog\dogs\dog.31.jpg,1
./image/cat_dog\dogs\dog.310.jpg,1
./image/cat_dog\dogs\dog.311.jpg,1
./image/cat_dog\dogs\dog.312.jpg,1
./image/cat_dog\dogs\dog.313.jpg,1
./image/cat_dog\dogs\dog.314.jpg,1
./image/cat_dog\dogs\dog.315.jpg,1
./image/cat_dog\dogs\dog.316.jpg,1
./image/cat_dog\dogs\dog.317.jpg,1
./image/cat_dog\dogs\dog.318.jpg,1
./image/cat_dog\dogs\dog.319.jpg,1
./image/cat_dog\dogs\dog.32.jpg,1
./image/cat_dog\dogs\dog.320.jpg,1
./image/cat_dog\dogs\dog.321.jpg,1
./image/cat_dog\dogs\dog.322.jpg,1
./image/cat_dog\dogs\dog.323.jpg,1
./image/cat_dog\dogs\dog.324.jpg,1
./image/cat_dog\dogs\dog.325.jpg,1
./image/cat_dog\dogs\dog.326.jpg,1
./image/cat_dog\dogs\dog.327.jpg,1
./image/cat_dog\dogs\dog.328.jpg,1
./image/cat_dog\dogs\dog.329.jpg,1
./image/cat_dog\dogs\dog.33.jpg,1
./image/cat_dog\dogs\dog.330.jpg,1
./image/cat_dog\dogs\dog.331.jpg,1
./image/cat_dog\dogs\dog.332.jpg,1
./image/cat_dog\dogs\dog.333.jpg,1
./image/cat_dog\dogs\dog.334.jpg,1
./image/cat_dog\dogs\dog.335.jpg,1
./image/cat_dog\dogs\dog.336.jpg,1
./image/cat_dog\dogs\dog.337.jpg,1
./image/cat_dog\dogs\dog.338.jpg,1
./image/cat_dog\dogs\dog.339.jpg,1
./image/cat_dog\dogs\dog.34.jpg,1
./image/cat_dog\dogs\dog.340.jpg,1
./image/cat_dog\dogs\dog.341.jpg,1
./image/cat_dog\dogs\dog.342.jpg,1
./image/cat_dog\dogs\dog.343.jpg,1
./image/cat_dog\dogs\dog.344.jpg,1
./image/cat_dog\dogs\dog.345.jpg,1
./image/cat_dog\dogs\dog.346.jpg,1
./image/cat_dog\dogs\dog.347.jpg,1
./image/cat_dog\dogs\dog.348.jpg,1
./image/cat_dog\dogs\dog.349.jpg,1
./image/cat_dog\dogs\dog.35.jpg,1
./image/cat_dog\dogs\dog.350.jpg,1
./image/cat_dog\dogs\dog.351.jpg,1
./image/cat_dog\dogs\dog.352.jpg,1
./image/cat_dog\dogs\dog.353.jpg,1
./image/cat_dog\dogs\dog.354.jpg,1
./image/cat_dog\dogs\dog.355.jpg,1
./image/cat_dog\dogs\dog.356.jpg,1
./image/cat_dog\dogs\dog.357.jpg,1
./image/cat_dog\dogs\dog.358.jpg,1
./image/cat_dog\dogs\dog.359.jpg,1
./image/cat_dog\dogs\dog.36.jpg,1
./image/cat_dog\dogs\dog.360.jpg,1
./image/cat_dog\dogs\dog.361.jpg,1
./image/cat_dog\dogs\dog.362.jpg,1
./image/cat_dog\dogs\dog.363.jpg,1
./image/cat_dog\dogs\dog.364.jpg,1
./image/cat_dog\dogs\dog.365.jpg,1
./image/cat_dog\dogs\dog.366.jpg,1
./image/cat_dog\dogs\dog.367.jpg,1
./image/cat_dog\dogs\dog.368.jpg,1
./image/cat_dog\dogs\dog.369.jpg,1
./image/cat_dog\dogs\dog.37.jpg,1
./image/cat_dog\dogs\dog.370.jpg,1
./image/cat_dog\dogs\dog.371.jpg,1
./image/cat_dog\dogs\dog.372.jpg,1
./image/cat_dog\dogs\dog.373.jpg,1
./image/cat_dog\dogs\dog.374.jpg,1
./image/cat_dog\dogs\dog.375.jpg,1
./image/cat_dog\dogs\dog.376.jpg,1
./image/cat_dog\dogs\dog.377.jpg,1
./image/cat_dog\dogs\dog.378.jpg,1
./image/cat_dog\dogs\dog.379.jpg,1
./image/cat_dog\dogs\dog.38.jpg,1
./image/cat_dog\dogs\dog.380.jpg,1
./image/cat_dog\dogs\dog.381.jpg,1
./image/cat_dog\dogs\dog.382.jpg,1
./image/cat_dog\dogs\dog.383.jpg,1
./image/cat_dog\dogs\dog.384.jpg,1
./image/cat_dog\dogs\dog.385.jpg,1
./image/cat_dog\dogs\dog.386.jpg,1
./image/cat_dog\dogs\dog.387.jpg,1
./image/cat_dog\dogs\dog.388.jpg,1
./image/cat_dog\dogs\dog.389.jpg,1
./image/cat_dog\dogs\dog.39.jpg,1
./image/cat_dog\dogs\dog.390.jpg,1
./image/cat_dog\dogs\dog.391.jpg,1
./image/cat_dog\dogs\dog.392.jpg,1
./image/cat_dog\dogs\dog.393.jpg,1
./image/cat_dog\dogs\dog.394.jpg,1
./image/cat_dog\dogs\dog.395.jpg,1
./image/cat_dog\dogs\dog.396.jpg,1
./image/cat_dog\dogs\dog.397.jpg,1
./image/cat_dog\dogs\dog.398.jpg,1
./image/cat_dog\dogs\dog.399.jpg,1
./image/cat_dog\dogs\dog.4.jpg,1
./image/cat_dog\dogs\dog.40.jpg,1
./image/cat_dog\dogs\dog.400.jpg,1
./image/cat_dog\dogs\dog.401.jpg,1
./image/cat_dog\dogs\dog.402.jpg,1
./image/cat_dog\dogs\dog.403.jpg,1
./image/cat_dog\dogs\dog.404.jpg,1
./image/cat_dog\dogs\dog.405.jpg,1
./image/cat_dog\dogs\dog.406.jpg,1
./image/cat_dog\dogs\dog.407.jpg,1
./image/cat_dog\dogs\dog.408.jpg,1
./image/cat_dog\dogs\dog.409.jpg,1
./image/cat_dog\dogs\dog.41.jpg,1
./image/cat_dog\dogs\dog.410.jpg,1
./image/cat_dog\dogs\dog.411.jpg,1
./image/cat_dog\dogs\dog.412.jpg,1
./image/cat_dog\dogs\dog.413.jpg,1
./image/cat_dog\dogs\dog.414.jpg,1
./image/cat_dog\dogs\dog.415.jpg,1
./image/cat_dog\dogs\dog.416.jpg,1
./image/cat_dog\dogs\dog.417.jpg,1
./image/cat_dog\dogs\dog.418.jpg,1
./image/cat_dog\dogs\dog.419.jpg,1
./image/cat_dog\dogs\dog.42.jpg,1
./image/cat_dog\dogs\dog.420.jpg,1
./image/cat_dog\dogs\dog.421.jpg,1
./image/cat_dog\dogs\dog.422.jpg,1
./image/cat_dog\dogs\dog.423.jpg,1
./image/cat_dog\dogs\dog.424.jpg,1
./image/cat_dog\dogs\dog.425.jpg,1
./image/cat_dog\dogs\dog.426.jpg,1
./image/cat_dog\dogs\dog.427.jpg,1
./image/cat_dog\dogs\dog.428.jpg,1
./image/cat_dog\dogs\dog.429.jpg,1
./image/cat_dog\dogs\dog.43.jpg,1
./image/cat_dog\dogs\dog.430.jpg,1
./image/cat_dog\dogs\dog.431.jpg,1
./image/cat_dog\dogs\dog.432.jpg,1
./image/cat_dog\dogs\dog.433.jpg,1
./image/cat_dog\dogs\dog.434.jpg,1
./image/cat_dog\dogs\dog.435.jpg,1
./image/cat_dog\dogs\dog.436.jpg,1
./image/cat_dog\dogs\dog.437.jpg,1
./image/cat_dog\dogs\dog.438.jpg,1
./image/cat_dog\dogs\dog.439.jpg,1
./image/cat_dog\dogs\dog.44.jpg,1
./image/cat_dog\dogs\dog.440.jpg,1
./image/cat_dog\dogs\dog.441.jpg,1
./image/cat_dog\dogs\dog.442.jpg,1
./image/cat_dog\dogs\dog.443.jpg,1
./image/cat_dog\dogs\dog.444.jpg,1
./image/cat_dog\dogs\dog.445.jpg,1
./image/cat_dog\dogs\dog.446.jpg,1
./image/cat_dog\dogs\dog.447.jpg,1
./image/cat_dog\dogs\dog.448.jpg,1
./image/cat_dog\dogs\dog.449.jpg,1
./image/cat_dog\dogs\dog.45.jpg,1
./image/cat_dog\dogs\dog.450.jpg,1
./image/cat_dog\dogs\dog.451.jpg,1
./image/cat_dog\dogs\dog.452.jpg,1
./image/cat_dog\dogs\dog.453.jpg,1
./image/cat_dog\dogs\dog.454.jpg,1
./image/cat_dog\dogs\dog.455.jpg,1
./image/cat_dog\dogs\dog.456.jpg,1
./image/cat_dog\dogs\dog.457.jpg,1
./image/cat_dog\dogs\dog.458.jpg,1
./image/cat_dog\dogs\dog.459.jpg,1
./image/cat_dog\dogs\dog.46.jpg,1
./image/cat_dog\dogs\dog.460.jpg,1
./image/cat_dog\dogs\dog.461.jpg,1
./image/cat_dog\dogs\dog.462.jpg,1
./image/cat_dog\dogs\dog.463.jpg,1
./image/cat_dog\dogs\dog.464.jpg,1
./image/cat_dog\dogs\dog.465.jpg,1
./image/cat_dog\dogs\dog.466.jpg,1
./image/cat_dog\dogs\dog.467.jpg,1
./image/cat_dog\dogs\dog.468.jpg,1
./image/cat_dog\dogs\dog.469.jpg,1
./image/cat_dog\dogs\dog.47.jpg,1
./image/cat_dog\dogs\dog.470.jpg,1
./image/cat_dog\dogs\dog.471.jpg,1
./image/cat_dog\dogs\dog.472.jpg,1
./image/cat_dog\dogs\dog.473.jpg,1
./image/cat_dog\dogs\dog.474.jpg,1
./image/cat_dog\dogs\dog.475.jpg,1
./image/cat_dog\dogs\dog.476.jpg,1
./image/cat_dog\dogs\dog.477.jpg,1
./image/cat_dog\dogs\dog.478.jpg,1
./image/cat_dog\dogs\dog.479.jpg,1
./image/cat_dog\dogs\dog.48.jpg,1
./image/cat_dog\dogs\dog.480.jpg,1
./image/cat_dog\dogs\dog.481.jpg,1
./image/cat_dog\dogs\dog.482.jpg,1
./image/cat_dog\dogs\dog.483.jpg,1
./image/cat_dog\dogs\dog.484.jpg,1
./image/cat_dog\dogs\dog.485.jpg,1
./image/cat_dog\dogs\dog.486.jpg,1
./image/cat_dog\dogs\dog.487.jpg,1
./image/cat_dog\dogs\dog.488.jpg,1
./image/cat_dog\dogs\dog.489.jpg,1
./image/cat_dog\dogs\dog.49.jpg,1
./image/cat_dog\dogs\dog.490.jpg,1
./image/cat_dog\dogs\dog.491.jpg,1
./image/cat_dog\dogs\dog.492.jpg,1
./image/cat_dog\dogs\dog.493.jpg,1
./image/cat_dog\dogs\dog.494.jpg,1
./image/cat_dog\dogs\dog.495.jpg,1
./image/cat_dog\dogs\dog.496.jpg,1
./image/cat_dog\dogs\dog.497.jpg,1
./image/cat_dog\dogs\dog.498.jpg,1
./image/cat_dog\dogs\dog.499.jpg,1
./image/cat_dog\dogs\dog.5.jpg,1
./image/cat_dog\dogs\dog.50.jpg,1
./image/cat_dog\dogs\dog.500.jpg,1
./image/cat_dog\dogs\dog.501.jpg,1
./image/cat_dog\dogs\dog.502.jpg,1
./image/cat_dog\dogs\dog.503.jpg,1
./image/cat_dog\dogs\dog.504.jpg,1
./image/cat_dog\dogs\dog.505.jpg,1
./image/cat_dog\dogs\dog.506.jpg,1
./image/cat_dog\dogs\dog.507.jpg,1
./image/cat_dog\dogs\dog.508.jpg,1
./image/cat_dog\dogs\dog.509.jpg,1
./image/cat_dog\dogs\dog.51.jpg,1
./image/cat_dog\dogs\dog.510.jpg,1
./image/cat_dog\dogs\dog.511.jpg,1
./image/cat_dog\dogs\dog.512.jpg,1
./image/cat_dog\dogs\dog.513.jpg,1
./image/cat_dog\dogs\dog.514.jpg,1
./image/cat_dog\dogs\dog.515.jpg,1
./image/cat_dog\dogs\dog.516.jpg,1
./image/cat_dog\dogs\dog.517.jpg,1
./image/cat_dog\dogs\dog.518.jpg,1
./image/cat_dog\dogs\dog.519.jpg,1
./image/cat_dog\dogs\dog.52.jpg,1
./image/cat_dog\dogs\dog.520.jpg,1
./image/cat_dog\dogs\dog.521.jpg,1
./image/cat_dog\dogs\dog.522.jpg,1
./image/cat_dog\dogs\dog.523.jpg,1
./image/cat_dog\dogs\dog.524.jpg,1
./image/cat_dog\dogs\dog.525.jpg,1
./image/cat_dog\dogs\dog.526.jpg,1
./image/cat_dog\dogs\dog.527.jpg,1
./image/cat_dog\dogs\dog.528.jpg,1
./image/cat_dog\dogs\dog.529.jpg,1
./image/cat_dog\dogs\dog.53.jpg,1
./image/cat_dog\dogs\dog.530.jpg,1
./image/cat_dog\dogs\dog.531.jpg,1
./image/cat_dog\dogs\dog.532.jpg,1
./image/cat_dog\dogs\dog.533.jpg,1
./image/cat_dog\dogs\dog.534.jpg,1
./image/cat_dog\dogs\dog.535.jpg,1
./image/cat_dog\dogs\dog.536.jpg,1
./image/cat_dog\dogs\dog.537.jpg,1
./image/cat_dog\dogs\dog.538.jpg,1
./image/cat_dog\dogs\dog.539.jpg,1
./image/cat_dog\dogs\dog.54.jpg,1
./image/cat_dog\dogs\dog.540.jpg,1
./image/cat_dog\dogs\dog.541.jpg,1
./image/cat_dog\dogs\dog.542.jpg,1
./image/cat_dog\dogs\dog.543.jpg,1
./image/cat_dog\dogs\dog.544.jpg,1
./image/cat_dog\dogs\dog.545.jpg,1
./image/cat_dog\dogs\dog.546.jpg,1
./image/cat_dog\dogs\dog.547.jpg,1
./image/cat_dog\dogs\dog.548.jpg,1
./image/cat_dog\dogs\dog.549.jpg,1
./image/cat_dog\dogs\dog.55.jpg,1
./image/cat_dog\dogs\dog.550.jpg,1
./image/cat_dog\dogs\dog.551.jpg,1
./image/cat_dog\dogs\dog.552.jpg,1
./image/cat_dog\dogs\dog.553.jpg,1
./image/cat_dog\dogs\dog.554.jpg,1
./image/cat_dog\dogs\dog.555.jpg,1
./image/cat_dog\dogs\dog.556.jpg,1
./image/cat_dog\dogs\dog.557.jpg,1
./image/cat_dog\dogs\dog.558.jpg,1
./image/cat_dog\dogs\dog.559.jpg,1
./image/cat_dog\dogs\dog.56.jpg,1
./image/cat_dog\dogs\dog.560.jpg,1
./image/cat_dog\dogs\dog.561.jpg,1
./image/cat_dog\dogs\dog.562.jpg,1
./image/cat_dog\dogs\dog.563.jpg,1
./image/cat_dog\dogs\dog.564.jpg,1
./image/cat_dog\dogs\dog.565.jpg,1
./image/cat_dog\dogs\dog.566.jpg,1
./image/cat_dog\dogs\dog.567.jpg,1
./image/cat_dog\dogs\dog.568.jpg,1
./image/cat_dog\dogs\dog.569.jpg,1
./image/cat_dog\dogs\dog.57.jpg,1
./image/cat_dog\dogs\dog.570.jpg,1
./image/cat_dog\dogs\dog.571.jpg,1
./image/cat_dog\dogs\dog.572.jpg,1
./image/cat_dog\dogs\dog.573.jpg,1
./image/cat_dog\dogs\dog.574.jpg,1
./image/cat_dog\dogs\dog.575.jpg,1
./image/cat_dog\dogs\dog.576.jpg,1
./image/cat_dog\dogs\dog.577.jpg,1
./image/cat_dog\dogs\dog.578.jpg,1
./image/cat_dog\dogs\dog.579.jpg,1
./image/cat_dog\dogs\dog.58.jpg,1
./image/cat_dog\dogs\dog.580.jpg,1
./image/cat_dog\dogs\dog.581.jpg,1
./image/cat_dog\dogs\dog.582.jpg,1
./image/cat_dog\dogs\dog.583.jpg,1
./image/cat_dog\dogs\dog.584.jpg,1
./image/cat_dog\dogs\dog.585.jpg,1
./image/cat_dog\dogs\dog.586.jpg,1
./image/cat_dog\dogs\dog.587.jpg,1
./image/cat_dog\dogs\dog.588.jpg,1
./image/cat_dog\dogs\dog.589.jpg,1
./image/cat_dog\dogs\dog.59.jpg,1
./image/cat_dog\dogs\dog.590.jpg,1
./image/cat_dog\dogs\dog.591.jpg,1
./image/cat_dog\dogs\dog.592.jpg,1
./image/cat_dog\dogs\dog.593.jpg,1
./image/cat_dog\dogs\dog.594.jpg,1
./image/cat_dog\dogs\dog.595.jpg,1
./image/cat_dog\dogs\dog.596.jpg,1
./image/cat_dog\dogs\dog.597.jpg,1
./image/cat_dog\dogs\dog.598.jpg,1
./image/cat_dog\dogs\dog.599.jpg,1
./image/cat_dog\dogs\dog.6.jpg,1
./image/cat_dog\dogs\dog.60.jpg,1
./image/cat_dog\dogs\dog.600.jpg,1
./image/cat_dog\dogs\dog.601.jpg,1
./image/cat_dog\dogs\dog.602.jpg,1
./image/cat_dog\dogs\dog.603.jpg,1
./image/cat_dog\dogs\dog.604.jpg,1
./image/cat_dog\dogs\dog.605.jpg,1
./image/cat_dog\dogs\dog.606.jpg,1
./image/cat_dog\dogs\dog.607.jpg,1
./image/cat_dog\dogs\dog.608.jpg,1
./image/cat_dog\dogs\dog.609.jpg,1
./image/cat_dog\dogs\dog.61.jpg,1
./image/cat_dog\dogs\dog.610.jpg,1
./image/cat_dog\dogs\dog.611.jpg,1
./image/cat_dog\dogs\dog.612.jpg,1
./image/cat_dog\dogs\dog.613.jpg,1
./image/cat_dog\dogs\dog.614.jpg,1
./image/cat_dog\dogs\dog.615.jpg,1
./image/cat_dog\dogs\dog.616.jpg,1
./image/cat_dog\dogs\dog.617.jpg,1
./image/cat_dog\dogs\dog.618.jpg,1
./image/cat_dog\dogs\dog.619.jpg,1
./image/cat_dog\dogs\dog.62.jpg,1
./image/cat_dog\dogs\dog.620.jpg,1
./image/cat_dog\dogs\dog.621.jpg,1
./image/cat_dog\dogs\dog.622.jpg,1
./image/cat_dog\dogs\dog.623.jpg,1
./image/cat_dog\dogs\dog.624.jpg,1
./image/cat_dog\dogs\dog.625.jpg,1
./image/cat_dog\dogs\dog.626.jpg,1
./image/cat_dog\dogs\dog.627.jpg,1
./image/cat_dog\dogs\dog.628.jpg,1
./image/cat_dog\dogs\dog.629.jpg,1
./image/cat_dog\dogs\dog.63.jpg,1
./image/cat_dog\dogs\dog.630.jpg,1
./image/cat_dog\dogs\dog.631.jpg,1
./image/cat_dog\dogs\dog.632.jpg,1
./image/cat_dog\dogs\dog.633.jpg,1
./image/cat_dog\dogs\dog.634.jpg,1
./image/cat_dog\dogs\dog.637.jpg,1
./image/cat_dog\dogs\dog.638.jpg,1
./image/cat_dog\dogs\dog.639.jpg,1
./image/cat_dog\dogs\dog.64.jpg,1
./image/cat_dog\dogs\dog.640.jpg,1
./image/cat_dog\dogs\dog.641.jpg,1
./image/cat_dog\dogs\dog.642.jpg,1
./image/cat_dog\dogs\dog.643.jpg,1
./image/cat_dog\dogs\dog.644.jpg,1
./image/cat_dog\dogs\dog.645.jpg,1
./image/cat_dog\dogs\dog.646.jpg,1
./image/cat_dog\dogs\dog.647.jpg,1
./image/cat_dog\dogs\dog.648.jpg,1
./image/cat_dog\dogs\dog.649.jpg,1
./image/cat_dog\dogs\dog.65.jpg,1
./image/cat_dog\dogs\dog.650.jpg,1
./image/cat_dog\dogs\dog.651.jpg,1
./image/cat_dog\dogs\dog.652.jpg,1
./image/cat_dog\dogs\dog.653.jpg,1
./image/cat_dog\dogs\dog.654.jpg,1
./image/cat_dog\dogs\dog.655.jpg,1
./image/cat_dog\dogs\dog.656.jpg,1
./image/cat_dog\dogs\dog.657.jpg,1
./image/cat_dog\dogs\dog.658.jpg,1
./image/cat_dog\dogs\dog.659.jpg,1
./image/cat_dog\dogs\dog.66.jpg,1
./image/cat_dog\dogs\dog.660.jpg,1
./image/cat_dog\dogs\dog.661.jpg,1
./image/cat_dog\dogs\dog.662.jpg,1
./image/cat_dog\dogs\dog.663.jpg,1
./image/cat_dog\dogs\dog.664(1).jpg,1
./image/cat_dog\dogs\dog.664.jpg,1
./image/cat_dog\dogs\dog.665.jpg,1
./image/cat_dog\dogs\dog.666.jpg,1
./image/cat_dog\dogs\dog.667.jpg,1
./image/cat_dog\dogs\dog.668.jpg,1
./image/cat_dog\dogs\dog.669.jpg,1
./image/cat_dog\dogs\dog.67.jpg,1
./image/cat_dog\dogs\dog.670.jpg,1
./image/cat_dog\dogs\dog.671.jpg,1
./image/cat_dog\dogs\dog.672.jpg,1
./image/cat_dog\dogs\dog.673.jpg,1
./image/cat_dog\dogs\dog.674.jpg,1
./image/cat_dog\dogs\dog.675.jpg,1
./image/cat_dog\dogs\dog.676.jpg,1
./image/cat_dog\dogs\dog.677.jpg,1
./image/cat_dog\dogs\dog.678.jpg,1
./image/cat_dog\dogs\dog.679.jpg,1
./image/cat_dog\dogs\dog.68.jpg,1
./image/cat_dog\dogs\dog.680.jpg,1
./image/cat_dog\dogs\dog.681.jpg,1
./image/cat_dog\dogs\dog.682.jpg,1
./image/cat_dog\dogs\dog.683.jpg,1
./image/cat_dog\dogs\dog.684.jpg,1
./image/cat_dog\dogs\dog.685.jpg,1
./image/cat_dog\dogs\dog.686.jpg,1
./image/cat_dog\dogs\dog.687.jpg,1
./image/cat_dog\dogs\dog.688.jpg,1
./image/cat_dog\dogs\dog.689.jpg,1
./image/cat_dog\dogs\dog.69.jpg,1
./image/cat_dog\dogs\dog.690.jpg,1
./image/cat_dog\dogs\dog.691.jpg,1
./image/cat_dog\dogs\dog.692.jpg,1
./image/cat_dog\dogs\dog.693.jpg,1
./image/cat_dog\dogs\dog.694.jpg,1
./image/cat_dog\dogs\dog.695.jpg,1
./image/cat_dog\dogs\dog.696.jpg,1
./image/cat_dog\dogs\dog.697.jpg,1
./image/cat_dog\dogs\dog.698.jpg,1
./image/cat_dog\dogs\dog.699.jpg,1
./image/cat_dog\dogs\dog.7.jpg,1
./image/cat_dog\dogs\dog.70.jpg,1
./image/cat_dog\dogs\dog.700.jpg,1
./image/cat_dog\dogs\dog.701.jpg,1
./image/cat_dog\dogs\dog.702.jpg,1
./image/cat_dog\dogs\dog.703.jpg,1
./image/cat_dog\dogs\dog.704.jpg,1
./image/cat_dog\dogs\dog.705.jpg,1
./image/cat_dog\dogs\dog.706.jpg,1
./image/cat_dog\dogs\dog.707.jpg,1
./image/cat_dog\dogs\dog.708.jpg,1
./image/cat_dog\dogs\dog.709.jpg,1
./image/cat_dog\dogs\dog.71.jpg,1
./image/cat_dog\dogs\dog.710.jpg,1
./image/cat_dog\dogs\dog.711.jpg,1
./image/cat_dog\dogs\dog.712.jpg,1
./image/cat_dog\dogs\dog.713.jpg,1
./image/cat_dog\dogs\dog.714.jpg,1
./image/cat_dog\dogs\dog.715.jpg,1
./image/cat_dog\dogs\dog.716.jpg,1
./image/cat_dog\dogs\dog.717.jpg,1
./image/cat_dog\dogs\dog.718.jpg,1
./image/cat_dog\dogs\dog.719.jpg,1
./image/cat_dog\dogs\dog.72.jpg,1
./image/cat_dog\dogs\dog.720.jpg,1
./image/cat_dog\dogs\dog.721.jpg,1
./image/cat_dog\dogs\dog.722.jpg,1
./image/cat_dog\dogs\dog.723.jpg,1
./image/cat_dog\dogs\dog.724.jpg,1
./image/cat_dog\dogs\dog.725.jpg,1
./image/cat_dog\dogs\dog.726.jpg,1
./image/cat_dog\dogs\dog.727.jpg,1
./image/cat_dog\dogs\dog.728.jpg,1
./image/cat_dog\dogs\dog.729.jpg,1
./image/cat_dog\dogs\dog.73.jpg,1
./image/cat_dog\dogs\dog.730.jpg,1
./image/cat_dog\dogs\dog.731.jpg,1
./image/cat_dog\dogs\dog.732.jpg,1
./image/cat_dog\dogs\dog.733.jpg,1
./image/cat_dog\dogs\dog.734.jpg,1
./image/cat_dog\dogs\dog.735.jpg,1
./image/cat_dog\dogs\dog.736.jpg,1
./image/cat_dog\dogs\dog.737.jpg,1
./image/cat_dog\dogs\dog.738.jpg,1
./image/cat_dog\dogs\dog.739.jpg,1
./image/cat_dog\dogs\dog.74.jpg,1
./image/cat_dog\dogs\dog.740.jpg,1
./image/cat_dog\dogs\dog.741.jpg,1
./image/cat_dog\dogs\dog.742.jpg,1
./image/cat_dog\dogs\dog.743.jpg,1
./image/cat_dog\dogs\dog.744.jpg,1
./image/cat_dog\dogs\dog.745.jpg,1
./image/cat_dog\dogs\dog.746.jpg,1
./image/cat_dog\dogs\dog.747.jpg,1
./image/cat_dog\dogs\dog.748.jpg,1
./image/cat_dog\dogs\dog.749.jpg,1
./image/cat_dog\dogs\dog.75.jpg,1
./image/cat_dog\dogs\dog.750.jpg,1
./image/cat_dog\dogs\dog.751.jpg,1
./image/cat_dog\dogs\dog.752.jpg,1
./image/cat_dog\dogs\dog.753.jpg,1
./image/cat_dog\dogs\dog.754.jpg,1
./image/cat_dog\dogs\dog.755.jpg,1
./image/cat_dog\dogs\dog.756.jpg,1
./image/cat_dog\dogs\dog.757.jpg,1
./image/cat_dog\dogs\dog.758.jpg,1
./image/cat_dog\dogs\dog.759.jpg,1
./image/cat_dog\dogs\dog.76.jpg,1
./image/cat_dog\dogs\dog.760.jpg,1
./image/cat_dog\dogs\dog.761.jpg,1
./image/cat_dog\dogs\dog.762.jpg,1
./image/cat_dog\dogs\dog.763.jpg,1
./image/cat_dog\dogs\dog.764.jpg,1
./image/cat_dog\dogs\dog.765.jpg,1
./image/cat_dog\dogs\dog.766.jpg,1
./image/cat_dog\dogs\dog.767.jpg,1
./image/cat_dog\dogs\dog.768.jpg,1
./image/cat_dog\dogs\dog.769.jpg,1
./image/cat_dog\dogs\dog.77.jpg,1
./image/cat_dog\dogs\dog.770.jpg,1
./image/cat_dog\dogs\dog.771.jpg,1
./image/cat_dog\dogs\dog.772.jpg,1
./image/cat_dog\dogs\dog.773.jpg,1
./image/cat_dog\dogs\dog.774.jpg,1
./image/cat_dog\dogs\dog.775.jpg,1
./image/cat_dog\dogs\dog.776.jpg,1
./image/cat_dog\dogs\dog.777.jpg,1
./image/cat_dog\dogs\dog.778.jpg,1
./image/cat_dog\dogs\dog.779.jpg,1
./image/cat_dog\dogs\dog.78.jpg,1
./image/cat_dog\dogs\dog.780.jpg,1
./image/cat_dog\dogs\dog.781.jpg,1
./image/cat_dog\dogs\dog.782.jpg,1
./image/cat_dog\dogs\dog.783.jpg,1
./image/cat_dog\dogs\dog.784.jpg,1
./image/cat_dog\dogs\dog.785.jpg,1
./image/cat_dog\dogs\dog.786.jpg,1
./image/cat_dog\dogs\dog.787.jpg,1
./image/cat_dog\dogs\dog.788.jpg,1
./image/cat_dog\dogs\dog.789.jpg,1
./image/cat_dog\dogs\dog.79.jpg,1
./image/cat_dog\dogs\dog.790.jpg,1
./image/cat_dog\dogs\dog.791.jpg,1
./image/cat_dog\dogs\dog.792.jpg,1
./image/cat_dog\dogs\dog.793.jpg,1
./image/cat_dog\dogs\dog.794.jpg,1
./image/cat_dog\dogs\dog.795.jpg,1
./image/cat_dog\dogs\dog.796.jpg,1
./image/cat_dog\dogs\dog.797.jpg,1
./image/cat_dog\dogs\dog.798.jpg,1
./image/cat_dog\dogs\dog.799.jpg,1
./image/cat_dog\dogs\dog.8.jpg,1
./image/cat_dog\dogs\dog.80.jpg,1
./image/cat_dog\dogs\dog.800.jpg,1
./image/cat_dog\dogs\dog.801.jpg,1
./image/cat_dog\dogs\dog.802.jpg,1
./image/cat_dog\dogs\dog.803.jpg,1
./image/cat_dog\dogs\dog.804.jpg,1
./image/cat_dog\dogs\dog.805.jpg,1
./image/cat_dog\dogs\dog.806.jpg,1
./image/cat_dog\dogs\dog.807.jpg,1
./image/cat_dog\dogs\dog.808.jpg,1
./image/cat_dog\dogs\dog.809.jpg,1
./image/cat_dog\dogs\dog.81.jpg,1
./image/cat_dog\dogs\dog.810.jpg,1
./image/cat_dog\dogs\dog.811.jpg,1
./image/cat_dog\dogs\dog.812.jpg,1
./image/cat_dog\dogs\dog.813.jpg,1
./image/cat_dog\dogs\dog.814.jpg,1
./image/cat_dog\dogs\dog.815.jpg,1
./image/cat_dog\dogs\dog.816.jpg,1
./image/cat_dog\dogs\dog.817.jpg,1
./image/cat_dog\dogs\dog.818.jpg,1
./image/cat_dog\dogs\dog.819.jpg,1
./image/cat_dog\dogs\dog.82.jpg,1
./image/cat_dog\dogs\dog.820.jpg,1
./image/cat_dog\dogs\dog.821.jpg,1
./image/cat_dog\dogs\dog.822.jpg,1
./image/cat_dog\dogs\dog.823.jpg,1
./image/cat_dog\dogs\dog.824.jpg,1
./image/cat_dog\dogs\dog.825.jpg,1
./image/cat_dog\dogs\dog.826.jpg,1
./image/cat_dog\dogs\dog.827.jpg,1
./image/cat_dog\dogs\dog.828.jpg,1
./image/cat_dog\dogs\dog.829.jpg,1
./image/cat_dog\dogs\dog.83.jpg,1
./image/cat_dog\dogs\dog.830.jpg,1
./image/cat_dog\dogs\dog.831.jpg,1
./image/cat_dog\dogs\dog.832.jpg,1
./image/cat_dog\dogs\dog.833.jpg,1
./image/cat_dog\dogs\dog.834.jpg,1
./image/cat_dog\dogs\dog.835.jpg,1
./image/cat_dog\dogs\dog.836.jpg,1
./image/cat_dog\dogs\dog.837.jpg,1
./image/cat_dog\dogs\dog.838.jpg,1
./image/cat_dog\dogs\dog.839.jpg,1
./image/cat_dog\dogs\dog.84(1).jpg,1
./image/cat_dog\dogs\dog.84.jpg,1
./image/cat_dog\dogs\dog.840.jpg,1
./image/cat_dog\dogs\dog.841.jpg,1
./image/cat_dog\dogs\dog.842.jpg,1
./image/cat_dog\dogs\dog.843.jpg,1
./image/cat_dog\dogs\dog.844.jpg,1
./image/cat_dog\dogs\dog.845.jpg,1
./image/cat_dog\dogs\dog.846.jpg,1
./image/cat_dog\dogs\dog.847.jpg,1
./image/cat_dog\dogs\dog.848.jpg,1
./image/cat_dog\dogs\dog.849.jpg,1
./image/cat_dog\dogs\dog.85.jpg,1
./image/cat_dog\dogs\dog.850.jpg,1
./image/cat_dog\dogs\dog.851.jpg,1
./image/cat_dog\dogs\dog.852.jpg,1
./image/cat_dog\dogs\dog.853.jpg,1
./image/cat_dog\dogs\dog.854.jpg,1
./image/cat_dog\dogs\dog.855.jpg,1
./image/cat_dog\dogs\dog.856.jpg,1
./image/cat_dog\dogs\dog.857.jpg,1
./image/cat_dog\dogs\dog.858.jpg,1
./image/cat_dog\dogs\dog.859.jpg,1
./image/cat_dog\dogs\dog.86.jpg,1
./image/cat_dog\dogs\dog.860.jpg,1
./image/cat_dog\dogs\dog.861.jpg,1
./image/cat_dog\dogs\dog.862.jpg,1
./image/cat_dog\dogs\dog.863.jpg,1
./image/cat_dog\dogs\dog.864.jpg,1
./image/cat_dog\dogs\dog.865.jpg,1
./image/cat_dog\dogs\dog.866.jpg,1
./image/cat_dog\dogs\dog.867.jpg,1
./image/cat_dog\dogs\dog.868.jpg,1
./image/cat_dog\dogs\dog.869.jpg,1
./image/cat_dog\dogs\dog.87.jpg,1
./image/cat_dog\dogs\dog.870.jpg,1
./image/cat_dog\dogs\dog.871.jpg,1
./image/cat_dog\dogs\dog.872.jpg,1
./image/cat_dog\dogs\dog.873.jpg,1
./image/cat_dog\dogs\dog.874.jpg,1
./image/cat_dog\dogs\dog.875.jpg,1
./image/cat_dog\dogs\dog.876.jpg,1
./image/cat_dog\dogs\dog.877.jpg,1
./image/cat_dog\dogs\dog.878.jpg,1
./image/cat_dog\dogs\dog.879.jpg,1
./image/cat_dog\dogs\dog.88.jpg,1
./image/cat_dog\dogs\dog.880.jpg,1
./image/cat_dog\dogs\dog.881.jpg,1
./image/cat_dog\dogs\dog.882.jpg,1
./image/cat_dog\dogs\dog.883.jpg,1
./image/cat_dog\dogs\dog.884.jpg,1
./image/cat_dog\dogs\dog.885.jpg,1
./image/cat_dog\dogs\dog.886.jpg,1
./image/cat_dog\dogs\dog.887.jpg,1
./image/cat_dog\dogs\dog.888.jpg,1
./image/cat_dog\dogs\dog.889.jpg,1
./image/cat_dog\dogs\dog.89.jpg,1
./image/cat_dog\dogs\dog.890.jpg,1
./image/cat_dog\dogs\dog.891.jpg,1
./image/cat_dog\dogs\dog.892.jpg,1
./image/cat_dog\dogs\dog.893.jpg,1
./image/cat_dog\dogs\dog.894.jpg,1
./image/cat_dog\dogs\dog.895.jpg,1
./image/cat_dog\dogs\dog.896.jpg,1
./image/cat_dog\dogs\dog.897.jpg,1
./image/cat_dog\dogs\dog.898.jpg,1
./image/cat_dog\dogs\dog.899.jpg,1
./image/cat_dog\dogs\dog.9.jpg,1
./image/cat_dog\dogs\dog.90.jpg,1
./image/cat_dog\dogs\dog.900.jpg,1
./image/cat_dog\dogs\dog.901.jpg,1
./image/cat_dog\dogs\dog.902.jpg,1
./image/cat_dog\dogs\dog.903.jpg,1
./image/cat_dog\dogs\dog.904.jpg,1
./image/cat_dog\dogs\dog.905.jpg,1
./image/cat_dog\dogs\dog.906.jpg,1
./image/cat_dog\dogs\dog.907.jpg,1
./image/cat_dog\dogs\dog.908.jpg,1
./image/cat_dog\dogs\dog.909.jpg,1
./image/cat_dog\dogs\dog.91.jpg,1
./image/cat_dog\dogs\dog.910.jpg,1
./image/cat_dog\dogs\dog.911.jpg,1
./image/cat_dog\dogs\dog.912.jpg,1
./image/cat_dog\dogs\dog.913.jpg,1
./image/cat_dog\dogs\dog.914.jpg,1
./image/cat_dog\dogs\dog.915.jpg,1
./image/cat_dog\dogs\dog.916.jpg,1
./image/cat_dog\dogs\dog.917.jpg,1
./image/cat_dog\dogs\dog.918.jpg,1
./image/cat_dog\dogs\dog.919.jpg,1
./image/cat_dog\dogs\dog.92.jpg,1
./image/cat_dog\dogs\dog.920.jpg,1
./image/cat_dog\dogs\dog.921.jpg,1
./image/cat_dog\dogs\dog.922.jpg,1
./image/cat_dog\dogs\dog.923.jpg,1
./image/cat_dog\dogs\dog.924.jpg,1
./image/cat_dog\dogs\dog.925.jpg,1
./image/cat_dog\dogs\dog.926.jpg,1
./image/cat_dog\dogs\dog.927.jpg,1
./image/cat_dog\dogs\dog.928.jpg,1
./image/cat_dog\dogs\dog.929.jpg,1
./image/cat_dog\dogs\dog.93.jpg,1
./image/cat_dog\dogs\dog.930.jpg,1
./image/cat_dog\dogs\dog.931.jpg,1
./image/cat_dog\dogs\dog.932.jpg,1
./image/cat_dog\dogs\dog.933.jpg,1
./image/cat_dog\dogs\dog.934.jpg,1
./image/cat_dog\dogs\dog.935.jpg,1
./image/cat_dog\dogs\dog.936.jpg,1
./image/cat_dog\dogs\dog.937.jpg,1
./image/cat_dog\dogs\dog.938.jpg,1
./image/cat_dog\dogs\dog.939.jpg,1
./image/cat_dog\dogs\dog.94.jpg,1
./image/cat_dog\dogs\dog.940.jpg,1
./image/cat_dog\dogs\dog.941.jpg,1
./image/cat_dog\dogs\dog.942.jpg,1
./image/cat_dog\dogs\dog.943.jpg,1
./image/cat_dog\dogs\dog.944.jpg,1
./image/cat_dog\dogs\dog.945.jpg,1
./image/cat_dog\dogs\dog.946.jpg,1
./image/cat_dog\dogs\dog.947.jpg,1
./image/cat_dog\dogs\dog.948.jpg,1
./image/cat_dog\dogs\dog.949.jpg,1
./image/cat_dog\dogs\dog.95.jpg,1
./image/cat_dog\dogs\dog.950.jpg,1
./image/cat_dog\dogs\dog.951.jpg,1
./image/cat_dog\dogs\dog.952.jpg,1
./image/cat_dog\dogs\dog.953.jpg,1
./image/cat_dog\dogs\dog.954.jpg,1
./image/cat_dog\dogs\dog.955.jpg,1
./image/cat_dog\dogs\dog.956.jpg,1
./image/cat_dog\dogs\dog.957.jpg,1
./image/cat_dog\dogs\dog.958.jpg,1
./image/cat_dog\dogs\dog.959.jpg,1
./image/cat_dog\dogs\dog.96.jpg,1
./image/cat_dog\dogs\dog.960.jpg,1
./image/cat_dog\dogs\dog.961.jpg,1
./image/cat_dog\dogs\dog.962.jpg,1
./image/cat_dog\dogs\dog.963.jpg,1
./image/cat_dog\dogs\dog.964.jpg,1
./image/cat_dog\dogs\dog.965.jpg,1
./image/cat_dog\dogs\dog.966.jpg,1
./image/cat_dog\dogs\dog.967.jpg,1
./image/cat_dog\dogs\dog.968.jpg,1
./image/cat_dog\dogs\dog.969.jpg,1
./image/cat_dog\dogs\dog.97.jpg,1
./image/cat_dog\dogs\dog.970.jpg,1
./image/cat_dog\dogs\dog.971.jpg,1
./image/cat_dog\dogs\dog.972.jpg,1
./image/cat_dog\dogs\dog.973.jpg,1
./image/cat_dog\dogs\dog.974.jpg,1
./image/cat_dog\dogs\dog.975.jpg,1
./image/cat_dog\dogs\dog.976.jpg,1
./image/cat_dog\dogs\dog.977.jpg,1
./image/cat_dog\dogs\dog.978.jpg,1
./image/cat_dog\dogs\dog.979.jpg,1
./image/cat_dog\dogs\dog.98.jpg,1
./image/cat_dog\dogs\dog.980.jpg,1
./image/cat_dog\dogs\dog.981.jpg,1
./image/cat_dog\dogs\dog.982.jpg,1
./image/cat_dog\dogs\dog.983.jpg,1
./image/cat_dog\dogs\dog.984.jpg,1
./image/cat_dog\dogs\dog.985.jpg,1
./image/cat_dog\dogs\dog.986.jpg,1
./image/cat_dog\dogs\dog.987.jpg,1
./image/cat_dog\dogs\dog.988.jpg,1
./image/cat_dog\dogs\dog.989.jpg,1
./image/cat_dog\dogs\dog.99.jpg,1
./image/cat_dog\dogs\dog.990.jpg,1
./image/cat_dog\dogs\dog.991.jpg,1
./image/cat_dog\dogs\dog.992.jpg,1
./image/cat_dog\dogs\dog.993.jpg,1
./image/cat_dog\dogs\dog.994.jpg,1
./image/cat_dog\dogs\dog.995.jpg,1
./image/cat_dog\dogs\dog.996.jpg,1
./image/cat_dog\dogs\dog.997.jpg,1
./image/cat_dog\dogs\dog.998.jpg,1
./image/cat_dog\dogs\dog.999.jpg,1
